标题,价格(元/月),面积,片区,lng,lat,nearest_station_id,distance_km
整租·梅陇十村 1室1厅 南,3800,49.19㎡,徐汇-华东理工-梅陇十村,121.423617,31.130903,15号线,1.1646
整租·华利公寓 3室2厅 南/西,9050,124.52㎡,徐汇-田林-华利公寓,121.415203,31.179734,15号线,0.5259
整租·银星名庭 1室1厅 南,5200,77.04㎡,徐汇-万体馆-银星名庭,121.437294,31.169061,12号线,0.4036
整租·金环大厦 4室3厅 南,28000,225.49㎡,徐汇-建国西路-金环大厦,121.458244,31.204359,9号线,0.2899
整租·云锦东方云筑 5室3厅 南,220000,560.00㎡,徐汇-龙华-云锦东方云筑,121.447914,31.170583,3号线,0.3589
整租·乐山八九村 2室1厅 南,7800,57.62㎡,徐汇-徐家汇-乐山八九村,121.428819,31.193932,11号线,0.7622
整租·吴兴路24弄 1室1厅 南,4580,20.10㎡,徐汇-衡山路-吴兴路24弄,121.441816,31.205721,10号线,0.3471
整租·华沁家园 1室2厅 东南,5300,56.19㎡,徐汇-植物园-华沁家园,121.450626,31.136849,15号线,1.5303
整租·尚海湾豪庭三期 4室2厅 南,55000,237.96㎡,徐汇-徐汇滨江-尚海湾豪庭三期,121.460283,31.179931,12号线,0.5807
整租·岳阳公寓 3室2厅 南,22000,116.98㎡,徐汇-建国西路-岳阳公寓,121.453058,31.204125,9号线,0.5863
整租·新贵都万体景苑 3室2厅 南,18800,114.46㎡,徐汇-徐家汇-新贵都万体景苑,121.442248,31.186828,4号线,0.1824
整租·长青坊 1室1厅 南,4600,44.76㎡,徐汇-康健-长青坊,121.417606,31.154362,1号线,1.1858
整租·光大会展中心 3室2厅 东/北,13000,133.91㎡,徐汇-康健-光大会展中心,121.428035,31.166528,12号线,0.5269
整租·光大会展中心 2室1厅 北,9100,91.87㎡,徐汇-康健-光大会展中心,121.428035,31.166528,12号线,0.5269
整租·华欣家园 2室1厅 南,4700,73.00㎡,徐汇-华泾-华欣家园,121.460936,31.11959,市域机场线,1.9205
整租·乐山四五村 1室1厅 南,4600,35.66㎡,徐汇-徐家汇-乐山四五村,121.433131,31.196395,11号线,0.345
整租·寿祥坊 1室1厅 南,4600,58.20㎡,徐汇-康健-寿祥坊,121.419231,31.151108,1号线,1.1001
整租·中漕小区 1室1厅 南,5000,40.95㎡,徐汇-徐家汇-中漕小区,121.435454,31.183805,1号线,0.2175
整租·康宁坊 2室1厅 南/北,6426,56.70㎡,徐汇-康健-康宁坊,121.427606,31.157214,1号线,0.3731
整租·金轩公寓 1室1厅 南,8000,72.29㎡,徐汇-徐家汇-金轩公寓,121.439696,31.188397,4号线,0.4788
整租·安福路7号 6室3厅 东/南/西/北,300000,498.00㎡,徐汇-衡山路-安福路7号,121.445944,31.21603,7号线,0.4123
整租·田林新苑 2室1厅 南,7300,70.00㎡,徐汇-田林-田林新苑,121.426996,31.173799,12号线,0.842
整租·公安大楼(徐汇) 1室1厅 南,5800,47.10㎡,徐汇-衡山路-公安大楼(徐汇),121.445083,31.199055,9号线,0.4906
整租·番禺路650弄 2室0厅 南,7200,42.65㎡,徐汇-徐家汇-番禺路650弄,121.42939,31.19955,11号线,0.6319
整租·斜土路2200弄 2室1厅 南/北,7000,60.90㎡,徐汇-徐家汇-斜土路2200弄,121.449739,31.192165,4号线,0.5137
整租·丰三小区 2室1厅 南,6500,54.17㎡,徐汇-龙华-丰三小区,121.454454,31.166904,11号线,0.3902
整租·丝庐花语 3室2厅 南,17000,139.02㎡,徐汇-斜土路-丝庐花语,121.466644,31.196419,12号线,0.4141
整租·锦汇苑 2室1厅 南,9500,94.26㎡,徐汇-徐家汇-锦汇苑,121.434315,31.187927,1号线,0.6397
整租·龙山新村 1室1厅 南,5960,47.21㎡,徐汇-万体馆-龙山新村,121.444891,31.184374,4号线,0.1883
整租·中山苑 4室2厅 复式 南,29700,179.50㎡,徐汇-龙华-中山苑,121.446827,31.181012,11号线,0.5559
整租·中原新村 1室1厅 南,5034,30.37㎡,徐汇-徐家汇-中原新村,121.434059,31.183924,1号线,0.3435
整租·华狮国际公寓 1室1厅 南/西,6500,48.03㎡,徐汇-徐家汇-华狮国际公寓,121.441845,31.190525,4号线,0.5685
整租·徐家汇花园 2室2厅 南,11333,120.63㎡,徐汇-徐家汇-徐家汇花园,121.447207,31.193531,9号线,0.7145
整租·馨宁公寓 1室1厅 南,4100,42.29㎡,徐汇-华泾-馨宁公寓,121.447726,31.128049,15号线,1.0306
整租·东安五村 1室1厅 南,5560,34.00㎡,徐汇-龙华-东安五村,121.452592,31.184251,12号线,0.4265
整租·嘉御庭一期 3室2厅 南,43000,180.39㎡,徐汇-建国西路-嘉御庭一期,121.459719,31.206481,9号线,0.4166
整租·吴东小区 2室1厅 南,6390,50.77㎡,徐汇-徐家汇-吴东小区,121.422474,31.191462,4号线,0.6904
整租·宜德苑 3室2厅 南,16000,125.37㎡,徐汇-徐家汇-宜德苑,121.426571,31.185311,4号线,0.1668
整租·徐汇臻园 4室2厅 南/北,18000,187.82㎡,徐汇-华泾-徐汇臻园,121.448925,31.125721,15号线,1.0712
整租·南丹小区 1室1厅 西,6500,37.38㎡,徐汇-徐家汇-南丹小区,121.430324,31.191219,4号线,0.5814
整租·凯旋一村 1室1厅 南,5730,38.00㎡,徐汇-徐家汇-凯旋一村,121.423993,31.19315,4号线,0.5718
整租·陇南小区 1室1厅 南,3200,47.73㎡,徐汇-华东理工-陇南小区,121.422549,31.129251,15号线,1.2897
整租·元福大厦 3室2厅 南,15500,145.66㎡,徐汇-徐家汇-元福大厦,121.432223,31.19183,11号线,0.584
整租·协合公寓  3室2厅 南,13500,143.74㎡,徐汇-斜土路-协合公寓,121.462971,31.19606,12号线,0.224
整租·东荡小区 1室1厅 南,5429,43.48㎡,徐汇-上海南站-东荡小区,121.428113,31.15015,1号线,0.5243
整租·嘉汇国际广场 1室2厅 东南,6900,62.52㎡,徐汇-徐家汇-嘉汇国际广场,121.442908,31.188412,4号线,0.3168
整租·馨宁公寓 1室1厅 南,5690,61.70㎡,徐汇-华泾-馨宁公寓,121.447726,31.128049,15号线,1.0306
整租·汇景苑 2室2厅 南,20000,100.52㎡,徐汇-建国西路-汇景苑,121.461386,31.204557,9号线,0.2032
整租·华强公寓 2室1厅 东,8330,64.76㎡,徐汇-衡山路-华强公寓,121.445913,31.203139,1号线,0.1615
整租·馨宁公寓 1室1厅 南,4000,42.29㎡,徐汇-华泾-馨宁公寓,121.447726,31.128049,15号线,1.0306
整租·徐家汇花园 2室1厅 南,11960,111.82㎡,徐汇-徐家汇-徐家汇花园,121.447207,31.193531,9号线,0.7145
整租·尚光徐汇中心 2室1厅 南,10000,54.90㎡,徐汇-徐家汇-尚光徐汇中心,121.430238,31.186596,4号线,0.2904
整租·金巢铂瑞阁 1室1厅 西,8830,60.74㎡,徐汇-斜土路-金巢铂瑞阁,121.464861,31.200468,9号线,0.4742
整租·新汇公寓 1室1厅 南,8800,75.17㎡,徐汇-徐家汇-新汇公寓,121.446141,31.195053,9号线,0.6218
整租·东航公寓 2室1厅 南,8560,91.91㎡,徐汇-徐家汇-东航公寓,121.421397,31.190298,4号线,0.6803
整租·科嘉小区 2室1厅 南,7800,59.59㎡,徐汇-徐家汇-科嘉小区,121.442135,31.19429,11号线,0.5444
整租·轻工大楼 1室1厅 南,6030,48.90㎡,徐汇-斜土路-轻工大楼,121.459143,31.196867,12号线,0.5023
整租·徐汇苑 2室2厅 南/北,20500,134.56㎡,徐汇-龙华-徐汇苑,121.44403,31.177843,11号线,0.2861
整租·龙州小区 2室1厅 东,6060,68.96㎡,徐汇-华东理工-龙州小区,121.426547,31.129544,15号线,0.9106
整租·岳阳路200弄 1室1厅 南,7500,53.19㎡,徐汇-衡山路-岳阳路200弄,121.451693,31.204431,1号线,0.5022
整租·振兴小区(徐汇) 1室1厅 南,5630,41.50㎡,徐汇-徐家汇-振兴小区(徐汇),121.452172,31.193677,4号线,0.4097
整租·长桥三村 1室1厅 南,4100,43.67㎡,徐汇-长桥-长桥三村,121.442318,31.134563,15号线,0.705
整租·漕溪一村 1室1厅 南,5090,32.95㎡,徐汇-万体馆-漕溪一村,121.436611,31.172787,3号线,0.4712
整租·华泾绿苑 3室2厅 南,13000,126.81㎡,徐汇-华泾-华泾绿苑,121.457976,31.113578,市域机场线,1.3685
整租·谨斜小区 1室1厅 南,4303,28.98㎡,徐汇-徐家汇-谨斜小区,121.448534,31.193321,4号线,0.6668
整租·滨江小区 1室1厅 南,5300,60.52㎡,徐汇-徐汇滨江-滨江小区,121.457044,31.152442,11号线,0.8457
整租·申峰大厦 1室1厅 南,6730,55.79㎡,徐汇-徐家汇-申峰大厦,121.441847,31.187118,4号线,0.232
整租·尚海湾豪庭一期 1室1厅 南,11000,64.26㎡,徐汇-徐汇滨江-尚海湾豪庭一期,121.460283,31.179931,12号线,0.5807
整租·长乐路447号 2室2厅 南,14000,71.73㎡,徐汇-衡山路-长乐路447号,121.454007,31.218278,12号线,0.5691
整租·华建一街坊 3室1厅 南,5500,79.65㎡,徐汇-华泾-华建一街坊,121.439596,31.120553,15号线,0.4557
整租·中恒苑 1室1厅 南,4390,46.50㎡,徐汇-植物园-中恒苑,121.447925,31.139603,15号线,1.4602
整租·光大会展中心 5室2厅 南,26588,234.06㎡,徐汇-康健-光大会展中心,121.428035,31.166528,12号线,0.5269
整租·光华绿苑 4室0厅 南,7500,113.50㎡,徐汇-华泾-光华绿苑,121.452875,31.11116,市域机场线,0.8304
整租·建国西路695弄 2室1厅 南,9800,48.55㎡,徐汇-衡山路-建国西路695弄,121.443744,31.200001,1号线,0.5631
整租·宛南六村 2室1厅 南,6690,45.75㎡,徐汇-龙华-宛南六村,121.445104,31.179525,11号线,0.3536
整租·漓江山水花园 8室3厅 复式 南,34000,261.30㎡,徐汇-华泾-漓江山水花园,121.446149,31.116152,15号线,0.6479
整租·吴东小区 1室1厅 南,6290,48.00㎡,徐汇-徐家汇-吴东小区,121.422474,31.191462,4号线,0.6904
整租·凯托大厦 1室1厅 南,7500,75.93㎡,徐汇-田林-凯托大厦,121.42498,31.183122,4号线,0.451
整租·龙山新村 1室1厅 南,5590,34.50㎡,徐汇-万体馆-龙山新村,121.444891,31.184374,4号线,0.1883
整租·尚海湾豪庭一期 5室2厅 南,32000,264.58㎡,徐汇-徐汇滨江-尚海湾豪庭一期,121.460283,31.179931,12号线,0.5807
整租·武康路280弄(公房) 2室1厅 南,6860,50.47㎡,徐汇-衡山路-武康路280弄(公房),121.438556,31.207378,10号线,0.5571
整租·五原路249号 1室0厅 南,4250,13.00㎡,徐汇-衡山路-五原路249号,121.446789,31.213302,7号线,0.2254
整租·乐山二村 2室1厅 南,5560,47.88㎡,徐汇-徐家汇-乐山二村,121.430209,31.197215,11号线,0.6378
整租·永嘉路750号 3室1厅 南/北,48000,308.00㎡,徐汇-衡山路-永嘉路750号,121.446862,31.204064,1号线,0.0662
整租·福苑小区 1室1厅 南,5600,50.35㎡,徐汇-田林-福苑小区,121.425654,31.176266,15号线,0.7417
整租·长海坊 1室1厅 南,4100,44.84㎡,徐汇-康健-长海坊,121.419223,31.156497,1号线,1.053
整租·汇金广场 2室2厅 南,16000,130.63㎡,徐汇-徐家汇-汇金广场,121.440415,31.195237,11号线,0.3646
整租·汇成一村 2室1厅 南,5600,59.70㎡,徐汇-上海南站-汇成一村,121.43458,31.146486,15号线,0.5875
整租·百汇园一期 3室2厅 南,27500,178.57㎡,徐汇-徐汇滨江-百汇园一期,121.46046,31.1726,11号线,0.7024
整租·五原路252弄 1室1厅 南,7500,50.00㎡,徐汇-衡山路-五原路252弄,121.444362,31.212369,7号线,0.473
整租·汇金广场 2室2厅 南,17000,130.63㎡,徐汇-徐家汇-汇金广场,121.440415,31.195237,11号线,0.3646
整租·谨斜小区 1室0厅 南,5500,33.31㎡,徐汇-徐家汇-谨斜小区,121.448534,31.193321,4号线,0.6668
整租·谨斜小区 1室1厅 南,5600,34.71㎡,徐汇-徐家汇-谨斜小区,121.448534,31.193321,4号线,0.6668
整租·梅陇五村 2室1厅 南,4500,66.46㎡,徐汇-华东理工-梅陇五村,121.42073,31.135743,1号线,0.956
整租·漕溪一村 1室1厅 南,5000,32.00㎡,徐汇-万体馆-漕溪一村,121.436611,31.172787,3号线,0.4712
整租·金龙花苑玫瑰园 2室1厅 南/北,6800,50.00㎡,徐汇-龙华-金龙花苑玫瑰园,121.455877,31.168481,11号线,0.335
整租·泰东新村(徐汇) 3室2厅 东,9000,70.36㎡,徐汇-徐家汇-泰东新村(徐汇),121.441061,31.187681,4号线,0.3291
整租·宛南四村 2室1厅 南/北,6500,47.82㎡,徐汇-龙华-宛南四村,121.450444,31.18158,12号线,0.7031
整租·吴中公寓 1室1厅 南/西,5200,61.77㎡,徐汇-田林-吴中公寓,121.420411,31.187414,4号线,0.6511
整租·龙安小区 3室1厅 南,9300,57.27㎡,徐汇-龙华-龙安小区,121.455132,31.184864,12号线,0.1918
整租·申晖小区 1室1厅 南,5500,36.74㎡,徐汇-斜土路-申晖小区,121.468103,31.197906,12号线,0.6273
整租·橡胶小区 2室1厅 南,7500,67.61㎡,徐汇-徐家汇-橡胶小区,121.445572,31.196913,9号线,0.5232
整租·环线广场 3室1厅 南,9500,94.70㎡,徐汇-田林-环线广场,121.425895,31.180245,4号线,0.7281
整租·恒昌花园 3室2厅 东/南,15000,134.43㎡,徐汇-徐家汇-恒昌花园,121.449273,31.189024,4号线,0.5717
整租·漕溪二村 1室1厅 南,4500,37.90㎡,徐汇-万体馆-漕溪二村,121.439107,31.172001,3号线,0.5302
整租·汇成五村 2室1厅 南/北,5338,52.20㎡,徐汇-上海南站-汇成五村,121.430041,31.154579,1号线,0.0
整租·徐虹华庭 3室2厅 南,20000,148.04㎡,徐汇-徐家汇-徐虹华庭,121.426328,31.18981,4号线,0.3527
整租·番禺小区 1室1厅 南,5000,37.39㎡,徐汇-徐家汇-番禺小区,121.42825,31.198473,4号线,0.7164
整租·宛南六村 1室1厅 南,5500,28.00㎡,徐汇-龙华-宛南六村,121.445104,31.179525,11号线,0.3536
整租·徐汇公寓 3室2厅 南/北,12000,122.89㎡,徐汇-康健-徐汇公寓,121.432774,31.161938,12号线,0.711
整租·海上名邸 3室2厅 南/北,20000,140.48㎡,徐汇-康健-海上名邸,121.423879,31.155435,1号线,0.5951
整租·兴国路271弄 1室0厅 西北/北,4800,18.45㎡,徐汇-衡山路-兴国路271弄,121.437409,31.205242,11号线,0.3937
整租·田林十四村 1室1厅 南,6400,36.56㎡,徐汇-田林-田林十四村,121.423526,31.175538,15号线,0.5272
整租·华泾绿苑 3室2厅 南,10000,127.00㎡,徐汇-华泾-华泾绿苑,121.457976,31.113578,市域机场线,1.3685
整租·天龙苑 2室2厅 南,10500,101.37㎡,徐汇-植物园-天龙苑,121.447612,31.156471,3号线,0.451
整租·龙山新村 1室1厅 南,5000,32.32㎡,徐汇-万体馆-龙山新村,121.444891,31.184374,4号线,0.1883
整租·乐山二村 2室1厅 南/北,5900,45.41㎡,徐汇-徐家汇-乐山二村,121.430209,31.197215,11号线,0.6378
整租·宛南三村 1室1厅 南,7500,48.00㎡,徐汇-龙华-宛南三村,121.451043,31.182819,12号线,0.5993
整租·月季园(徐汇) 3室0厅 南,7500,85.80㎡,徐汇-康健-月季园(徐汇),121.410929,31.149031,1号线,0.8139
整租·建西小区 2室1厅 南,9800,57.48㎡,徐汇-建国西路-建西小区,121.455857,31.204832,9号线,0.5129
整租·盛大花园 2室2厅 错层 南/北,14500,133.49㎡,徐汇-龙华-盛大花园,121.454377,31.177717,12号线,0.5754
整租·尚海湾豪庭三期 2室2厅 南,25000,119.37㎡,徐汇-徐汇滨江-尚海湾豪庭三期,121.460283,31.179931,12号线,0.5807
整租·科汇公寓 1室1厅 南,6500,48.18㎡,徐汇-徐家汇-科汇公寓,121.437951,31.193218,11号线,0.2851
整租·茶陵小区 1室1厅 南,4500,38.36㎡,徐汇-斜土路-茶陵小区,121.468195,31.195896,12号线,0.511
整租·五原路65弄 1室2厅 南,7800,40.10㎡,徐汇-衡山路-五原路65弄,121.448217,31.212808,7号线,0.1185
整租·梅陇路3号 2室0厅 南,3800,45.77㎡,徐汇-华东理工-梅陇路3号,121.427327,31.141312,15号线,0.3629
整租·宛南二村 1室1厅 南,5800,31.62㎡,徐汇-龙华-宛南二村,121.450009,31.184087,4号线,0.6401
整租·田林十二村 2室1厅 南,6000,48.58㎡,徐汇-田林-田林十二村,121.428878,31.171776,12号线,0.5568
整租·金牛苑 1室1厅 南,4500,43.28㎡,徐汇-上海南站-金牛苑,121.43475,31.152094,1号线,0.5267
整租·罗秀三村 2室1厅 南,4800,63.29㎡,徐汇-植物园-罗秀三村,121.445954,31.134664,15号线,1.0274
整租·华沁家园 2室1厅 南,7300,89.47㎡,徐汇-植物园-华沁家园,121.450626,31.136849,15号线,1.5303
整租·斜土路1358弄 1室1厅 南,5700,43.61㎡,徐汇-斜土路-斜土路1358弄,121.46262,31.197792,12号线,0.4188
整租·徐汇锦梅苑 3室1厅 南/北,6400,94.15㎡,徐汇-华东理工-徐汇锦梅苑,121.42401,31.132862,15号线,1.1342
整租·徐汇苑 2室2厅 南,13000,100.66㎡,徐汇-龙华-徐汇苑,121.44403,31.177843,11号线,0.2861
整租·尚汇豪庭二期 3室2厅 南,23000,131.39㎡,徐汇-田林-尚汇豪庭二期,121.42752,31.180832,4号线,0.6531
整租·东湾小区 2室1厅 南,4200,57.91㎡,徐汇-华泾-东湾小区,121.458546,31.122524,市域机场线,1.9565
整租·望族城 3室3厅 东南/南,13800,208.86㎡,徐汇-万体馆-望族城,121.435645,31.169896,12号线,0.2941
整租·上方花园 1室0厅 南,3150,11.60㎡,徐汇-衡山路-上方花园,121.451239,31.212592,7号线,0.225
整租·岳阳路77弄 1室1厅 南,7000,40.25㎡,徐汇-建国西路-岳阳路77弄,121.453916,31.207645,1号线,0.7931
整租·宛龙小区 1室1厅 南,6000,48.15㎡,徐汇-龙华-宛龙小区,121.448921,31.182033,4号线,0.6488
整租·百汇园三期 4室2厅 南/北,65000,245.70㎡,徐汇-徐汇滨江-百汇园三期,121.459409,31.176378,12号线,0.7395
整租·嘉汇国际广场 1室1厅 南,6584,63.00㎡,徐汇-徐家汇-嘉汇国际广场,121.442908,31.188412,4号线,0.3168
整租·枫林新村 1室1厅 南,6000,42.21㎡,徐汇-斜土路-枫林新村,121.459591,31.191465,4号线,0.453
整租·石龙小区 4室2厅 东南,27850,173.58㎡,徐汇-植物园-石龙小区,121.441297,31.155384,3号线,0.3376
整租·南天大楼 2室1厅 东/西,10500,92.60㎡,徐汇-徐家汇-南天大楼,121.442592,31.190613,4号线,0.5623
整租·虹桥路400弄 1室1厅 南/北,7800,63.79㎡,徐汇-徐家汇-虹桥路400弄,121.431146,31.192428,11号线,0.6225
整租·莱诗邸 3室2厅 南,25700,149.38㎡,徐汇-徐家汇-莱诗邸,121.440094,31.190159,4号线,0.6017
整租·襄阳南路429弄 1室1厅 西,8200,27.00㎡,徐汇-建国西路-襄阳南路429弄,121.45817,31.206354,9号线,0.4602
整租·华沁家园 1室1厅 南,5500,56.19㎡,徐汇-植物园-华沁家园,121.450626,31.136849,15号线,1.5303
整租·凌云新村 3室1厅 南,4900,82.21㎡,徐汇-华东理工-凌云新村,121.417106,31.140692,1号线,0.3322
整租·爱博大厦 2室2厅 东南/南,14800,107.85㎡,徐汇-徐家汇-爱博大厦,121.446193,31.188543,4号线,0.413
整租·淮海中路1270弄 1室1厅 南/西南,11600,46.56㎡,徐汇-衡山路-淮海中路1270弄,121.451729,31.214266,7号线,0.2599
整租·永新城 3室2厅 南,24000,171.00㎡,徐汇-徐家汇-永新城,121.437951,31.193218,11号线,0.2851
整租·东安四村 1室1厅 南,5000,39.70㎡,徐汇-徐家汇-东安四村,121.450711,31.186675,4号线,0.6084
整租·巴黎时韵 1室1厅 南,6500,43.60㎡,徐汇-建国西路-巴黎时韵,121.457919,31.205645,9号线,0.4105
整租·莱诗邸 1室1厅 南,13000,80.18㎡,徐汇-徐家汇-莱诗邸,121.440094,31.190159,4号线,0.6017
整租·建汇大厦 1室1厅 南,20000,200.56㎡,徐汇-徐家汇-建汇大厦,121.439143,31.195318,11号线,0.243
整租·中煌大厦 1室1厅 东南/南,5000,43.00㎡,徐汇-龙华-中煌大厦,121.445898,31.180772,11号线,0.464
整租·华沁家园 1室1厅 南,5100,55.57㎡,徐汇-植物园-华沁家园,121.450626,31.136849,15号线,1.5303
整租·中海瀛台 2室2厅 东南/南/西南,11000,88.51㎡,徐汇-华泾-中海瀛台,121.453503,31.140154,15号线,1.9383
整租·东安二村 1室1厅 南,4800,34.84㎡,徐汇-徐家汇-东安二村,121.45415,31.186768,12号线,0.3838
整租·徐汇御苑 3室2厅 南,17800,155.91㎡,徐汇-徐家汇-徐汇御苑,121.454748,31.192556,4号线,0.1931
整租·东方曼哈顿 1室2厅 西,11000,64.84㎡,徐汇-徐家汇-东方曼哈顿,121.433831,31.191094,11号线,0.5567
整租·吴东小区 2室1厅 南,6390,50.77㎡,徐汇-徐家汇-吴东小区,121.422474,31.191462,4号线,0.6904
整租·华理苑 2室2厅 南,7000,91.02㎡,徐汇-华东理工-华理苑,121.420807,31.143834,1号线,0.6635
整租·宏润花园 3室2厅 南/北,15500,147.05㎡,徐汇-万体馆-宏润花园,121.436307,31.188334,1号线,0.6212
整租·中恒苑 2室1厅 南,5000,59.37㎡,徐汇-植物园-中恒苑,121.447925,31.139603,15号线,1.4602
整租·紫阳花苑 2室2厅 南,5500,59.00㎡,徐汇-华泾-紫阳花苑,121.452787,31.113285,市域机场线,0.8953
整租·寿昌坊 1室1厅 南,4000,59.45㎡,徐汇-康健-寿昌坊,121.420029,31.150993,1号线,1.034
整租·梅苑 2室1厅 南,5000,58.12㎡,徐汇-华东理工-梅苑,121.42351,31.137637,15号线,0.9009
整租·乐山大楼 2室1厅 西,6600,53.18㎡,徐汇-徐家汇-乐山大楼,121.433254,31.196002,11号线,0.3237
整租·阳光绿园 3室2厅 南,12800,129.89㎡,徐汇-华东理工-阳光绿园,121.427662,31.136961,15号线,0.8187
整租·元福大厦 2室1厅 南/西,11800,107.99㎡,徐汇-徐家汇-元福大厦,121.432223,31.19183,11号线,0.584
整租·康佳苑 2室1厅 南,6500,76.20㎡,徐汇-上海南站-康佳苑,121.432005,31.148515,15号线,0.5527
整租·联业大厦 4室2厅 南/北,19300,155.40㎡,徐汇-衡山路-联业大厦,121.450615,31.200069,9号线,0.08
整租·寿祥坊 2室1厅 南,5900,77.70㎡,徐汇-康健-寿祥坊,121.419231,31.151108,1号线,1.1001
整租·东航小区 1室1厅 南,5000,27.45㎡,徐汇-龙华-东航小区,121.452314,31.18138,12号线,0.5617
整租·巴黎时韵 1室1厅 西北,7400,56.92㎡,徐汇-建国西路-巴黎时韵,121.457919,31.205645,9号线,0.4105
整租·田林十二村 1室0厅 南,3900,30.03㎡,徐汇-田林-田林十二村,121.428878,31.171776,12号线,0.5568
整租·长桥八村 1室1厅 南,5560,46.25㎡,徐汇-长桥-长桥八村,121.439768,31.131052,15号线,0.3819
整租·乌鲁木齐中路255弄 1室1厅 错层 南/北,7200,35.30㎡,徐汇-衡山路-乌鲁木齐中路255弄,121.446422,31.212454,7号线,0.2849
整租·橡胶小区 1室1厅 东,6660,50.03㎡,徐汇-徐家汇-橡胶小区,121.445572,31.196913,9号线,0.5232
整租·天钥新村 1室1厅 南,4300,41.44㎡,徐汇-万体馆-天钥新村,121.44698,31.184669,4号线,0.3449
整租·仪表新村 2室1厅 南,5690,50.05㎡,徐汇-田林-仪表新村,121.426481,31.170336,12号线,0.6723
整租·金龙花苑牡丹园 2室1厅 南,6400,54.30㎡,徐汇-龙华-金龙花苑牡丹园,121.455474,31.167475,11号线,0.3102
整租·梅陇六村 1室1厅 南,4000,40.88㎡,徐汇-华东理工-梅陇六村,121.419992,31.133501,1号线,1.1174
整租·长桥一村 1室0厅 南,4200,41.96㎡,徐汇-长桥-长桥一村,121.437716,31.136658,15号线,0.5946
整租·斜土路1218号 1室1厅 南,4400,31.62㎡,徐汇-斜土路-斜土路1218号,121.46495,31.199256,9号线,0.5655
整租·华建一街坊 1室1厅 南,3600,34.70㎡,徐汇-华泾-华建一街坊,121.439596,31.120553,15号线,0.4557
整租·泰东新村(徐汇) 1室1厅 南,6700,43.57㎡,徐汇-徐家汇-泰东新村(徐汇),121.441061,31.187681,4号线,0.3291
整租·汇金广场 1室1厅 南,9011,69.47㎡,徐汇-徐家汇-汇金广场,121.440415,31.195237,11号线,0.3646
整租·樱花园(徐汇) 1室1厅 南,4500,48.13㎡,徐汇-康健-樱花园(徐汇),121.421101,31.155372,1号线,0.8568
整租·花苑村紫竹园 1室1厅 南,4700,42.29㎡,徐汇-康健-花苑村紫竹园,121.413916,31.153028,1号线,1.1986
整租·玉兰花苑 1室1厅 南,7000,64.33㎡,徐汇-徐家汇-玉兰花苑,121.435064,31.18611,1号线,0.4291
整租·天平小区 1室1厅 南,6300,36.72㎡,徐汇-徐家汇-天平小区,121.439194,31.19834,11号线,0.3989
整租·华东花苑 2室1厅 南,8800,82.03㎡,徐汇-上海南站-华东花苑,121.43489,31.148816,15号线,0.7562
整租·华泾绿苑 1室1厅 东南,5300,63.38㎡,徐汇-华泾-华泾绿苑,121.457976,31.113578,市域机场线,1.3685
整租·田林十四村 1室1厅 南,4960,36.56㎡,徐汇-田林-田林十四村,121.423526,31.175538,15号线,0.5272
整租·尚海湾豪庭一期 1室2厅 南,12500,65.24㎡,徐汇-徐汇滨江-尚海湾豪庭一期,121.460283,31.179931,12号线,0.5807
整租·中煌大厦 1室1厅 南,5000,54.00㎡,徐汇-龙华-中煌大厦,121.445898,31.180772,11号线,0.464
整租·天钥新村 1室1厅 南,5030,34.50㎡,徐汇-万体馆-天钥新村,121.44698,31.184669,4号线,0.3449
整租·凯旋一村 1室1厅 南,4590,32.02㎡,徐汇-徐家汇-凯旋一村,121.423993,31.19315,4号线,0.5718
整租·汇金广场 3室1厅 南,20500,167.95㎡,徐汇-徐家汇-汇金广场,121.440415,31.195237,11号线,0.3646
整租·建国西路402弄 1室1厅 南,5100,13.00㎡,徐汇-建国西路-建国西路402弄,121.453335,31.203677,9号线,0.5564
整租·青松小区 1室1厅 南,6800,46.41㎡,徐汇-徐家汇-青松小区,121.449422,31.196816,9号线,0.3
整租·长桥八村 2室1厅 南/北,4700,59.74㎡,徐汇-长桥-长桥八村,121.439768,31.131052,15号线,0.3819
整租·上缝小区 1室0厅 南/北,5000,38.56㎡,徐汇-龙华-上缝小区,121.446367,31.173351,3号线,0.4712
整租·徐汇商务大厦 1室0厅 南,6000,46.46㎡,徐汇-徐家汇-徐汇商务大厦,121.432615,31.185389,4号线,0.5372
整租·东方时空公寓 1室1厅 南,5000,45.14㎡,徐汇-徐家汇-东方时空公寓,121.427716,31.192807,4号线,0.677
整租·长桥一村 1室1厅 南,5130,48.50㎡,徐汇-长桥-长桥一村,121.437716,31.136658,15号线,0.5946
整租·田林十二村 1室1厅 南,4730,30.00㎡,徐汇-田林-田林十二村,121.428878,31.171776,12号线,0.5568
整租·三江小区 1室1厅 南,3900,47.38㎡,徐汇-龙华-三江小区,121.440003,31.164717,3号线,0.6712
整租·高安路9弄 1室1厅 南,7250,43.00㎡,徐汇-衡山路-高安路9弄,121.445478,31.206315,10号线,0.2111
整租·漕溪二村 1室1厅 南,4999,37.90㎡,徐汇-万体馆-漕溪二村,121.439107,31.172001,3号线,0.5302
整租·科汇公寓 2室2厅 南/西南,8800,80.64㎡,徐汇-徐家汇-科汇公寓,121.437951,31.193218,11号线,0.2851
整租·中凯城市之光(徐汇) 3室2厅 南,52000,257.85㎡,徐汇-徐家汇-中凯城市之光(徐汇),121.437951,31.193218,11号线,0.2851
整租·四季园 4室3厅 复式 南,30000,263.76㎡,徐汇-徐家汇-四季园,121.452342,31.195838,9号线,0.4475
整租·华狮国际公寓 1室1厅 南/北,8500,60.00㎡,徐汇-徐家汇-华狮国际公寓,121.441845,31.190525,4号线,0.5685
整租·明园世纪城 2室2厅 南,16800,117.36㎡,徐汇-建国西路-明园世纪城,121.458887,31.212035,12号线,0.3454
整租·安福路229弄 3室2厅 南,23000,120.00㎡,徐汇-衡山路-安福路229弄,121.442838,31.2134,7号线,0.6007
整租·迎春园 3室1厅 南,10500,123.64㎡,徐汇-康健-迎春园,121.417629,31.147241,1号线,0.6504
整租·襄阳南路357弄 2室0厅 南,8900,40.00㎡,徐汇-建国西路-襄阳南路357弄,121.458065,31.207809,9号线,0.6076
整租·公安大楼(徐汇) 2室0厅 南/西/北,9998,60.52㎡,徐汇-衡山路-公安大楼(徐汇),121.445083,31.199055,9号线,0.4906
整租·汇景苑 1室1厅 东,12000,92.00㎡,徐汇-建国西路-汇景苑,121.461386,31.204557,9号线,0.2032
整租·长桥五村 2室1厅 南,5600,55.17㎡,徐汇-长桥-长桥五村,121.435559,31.135959,15号线,0.4891
整租·中南新村 1室1厅 南,7800,50.39㎡,徐汇-衡山路-中南新村,121.442365,31.207585,10号线,0.1949
整租·爱建园 1室0厅 南,5000,37.09㎡,徐汇-田林-爱建园,121.432396,31.176268,3号线,0.5757
整租·实业公寓 3室2厅 南,14500,111.67㎡,徐汇-徐家汇-实业公寓,121.437005,31.192796,11号线,0.3037
整租·建西小区 1室0厅 南,5300,32.00㎡,徐汇-建国西路-建西小区,121.455857,31.204832,9号线,0.5129
整租·华泾绿苑 2室1厅 南,5000,63.00㎡,徐汇-华泾-华泾绿苑,121.457976,31.113578,市域机场线,1.3685
整租·长顺坊 2室1厅 南,5800,53.21㎡,徐汇-康健-长顺坊,121.419056,31.155597,1号线,1.0533
整租·华苑大厦 4室2厅 南,16500,166.06㎡,徐汇-徐家汇-华苑大厦,121.433738,31.181592,1号线,0.3764
整租·佳信徐汇公寓 3室2厅 南,12500,126.30㎡,徐汇-万体馆-佳信徐汇公寓,121.438077,31.173033,3号线,0.4128
整租·常熟路228弄 1室1厅 南,5000,31.87㎡,徐汇-衡山路-常熟路228弄,121.448638,31.214437,7号线,0.112
整租·梅陇十一村 3室1厅 南,4500,50.65㎡,徐汇-华东理工-梅陇十一村,121.427022,31.131789,15号线,0.8381
整租·日晖二村 2室0厅 南,6800,48.87㎡,徐汇-斜土路-日晖二村,121.465461,31.193658,12号线,0.2127
整租·天际花园 3室2厅 南,20800,176.82㎡,徐汇-徐家汇-天际花园,121.4445,31.191564,4号线,0.6671
整租·田林十四村 1室1厅 南,6000,48.56㎡,徐汇-田林-田林十四村,121.423526,31.175538,15号线,0.5272
整租·宜德苑 2室2厅 南/北,12000,107.16㎡,徐汇-徐家汇-宜德苑,121.426571,31.185311,4号线,0.1668
整租·住友公寓 3室1厅 南,8000,82.16㎡,徐汇-万体馆-住友公寓,121.443495,31.175223,11号线,0.4753
整租·宜山路701弄 1室0厅 南,4000,30.06㎡,徐汇-田林-宜山路701弄,121.419162,31.17266,15号线,0.2584
整租·梅陇六村 1室1厅 南,3850,40.33㎡,徐汇-华东理工-梅陇六村,121.419992,31.133501,1号线,1.1174
整租·徐汇公园道壹号二期臻庭 4室2厅 南,31000,213.21㎡,徐汇-龙华-徐汇公园道壹号二期臻庭,121.435126,31.159736,1号线,0.7496
整租·漕溪四村 1室1厅 南,4300,35.21㎡,徐汇-万体馆-漕溪四村,121.439813,31.171379,3号线,0.4849
整租·盛华景苑 1室1厅 南,5500,64.00㎡,徐汇-华泾-盛华景苑,121.455236,31.108796,市域机场线,1.0483
整租·徐汇臻园 3室2厅 南/北,11000,109.07㎡,徐汇-华泾-徐汇臻园,121.448925,31.125721,15号线,1.0712
整租·银亿徐汇酩悦 1室1厅 南,10800,80.00㎡,徐汇-斜土路-银亿徐汇酩悦,121.459845,31.197952,12号线,0.5417
整租·梅陇九村 1室1厅 南,4600,45.30㎡,徐汇-华东理工-梅陇九村,121.422109,31.129608,15号线,1.3238
整租·中科小区(徐汇) 1室0厅 南,4000,14.00㎡,徐汇-徐家汇-中科小区(徐汇),121.444564,31.194309,11号线,0.7703
整租·百第宜山大楼 2室0厅 南,6200,73.44㎡,徐汇-田林-百第宜山大楼,121.425793,31.182676,4号线,0.4675
整租·东方曼哈顿 2室2厅 南,19800,99.97㎡,徐汇-徐家汇-东方曼哈顿,121.433831,31.191094,11号线,0.5567
整租·华沁家园 2室1厅 南,7300,89.83㎡,徐汇-植物园-华沁家园,121.450626,31.136849,15号线,1.5303
整租·乐山四五村 1室1厅 东南,5500,35.66㎡,徐汇-徐家汇-乐山四五村,121.433131,31.196395,11号线,0.345
整租·宛平路42号 1室0厅 南,4200,20.00㎡,徐汇-徐家汇-宛平路42号,121.441273,31.203156,1号线,0.5139
整租·钦州花苑 2室1厅 南,6500,77.12㎡,徐汇-田林-钦州花苑,121.426322,31.177966,15号线,0.8622
整租·天钥新村 1室0厅 南,5000,35.00㎡,徐汇-万体馆-天钥新村,121.44698,31.184669,4号线,0.3449
整租·田林五六七村 2室1厅 南,5900,47.33㎡,徐汇-田林-田林五六七村,121.418501,31.171765,15号线,0.338
整租·华东花苑 3室1厅 南,7300,93.77㎡,徐汇-上海南站-华东花苑,121.43489,31.148816,15号线,0.7562
整租·龙兆苑 3室2厅 复式 南,15500,105.39㎡,徐汇-龙华-龙兆苑,121.447298,31.17109,3号线,0.3316
整租·尚汇豪庭二期 3室2厅 南,25000,154.66㎡,徐汇-田林-尚汇豪庭二期,121.42752,31.180832,4号线,0.6531
整租·桂莘小区 2室1厅 南,6300,71.52㎡,徐汇-康健-桂莘小区,121.407602,31.16003,12号线,0.5254
整租·凯旋一村 1室1厅 南,5800,35.99㎡,徐汇-徐家汇-凯旋一村,121.423993,31.19315,4号线,0.5718
整租·泰莱大厦 1室1厅 南,7000,53.08㎡,徐汇-斜土路-泰莱大厦,121.46077,31.189716,12号线,0.5373
整租·金星苑 3室2厅 南/北,15800,118.08㎡,徐汇-斜土路-金星苑,121.457012,31.196028,4号线,0.6116
整租·康健路43弄 1室1厅 南,4800,37.60㎡,徐汇-康健-康健路43弄,121.431247,31.166235,12号线,0.2955
整租·梅陇四村 2室1厅 南,5400,58.16㎡,徐汇-华东理工-梅陇四村,121.421073,31.137521,1号线,0.8439
整租·永太小区 1室0厅 南,6600,38.26㎡,徐汇-建国西路-永太小区,121.456411,31.209247,12号线,0.6908
整租·三江小区 2室1厅 南/北,6900,62.74㎡,徐汇-龙华-三江小区,121.440003,31.164717,3号线,0.6712
整租·光华绿苑 1室1厅 南,3800,42.00㎡,徐汇-华泾-光华绿苑,121.452875,31.11116,市域机场线,0.8304
整租·莱诗邸 1室2厅 南,12800,79.30㎡,徐汇-徐家汇-莱诗邸,121.440094,31.190159,4号线,0.6017
整租·明园小安桥 3室2厅 南,13500,122.26㎡,徐汇-田林-明园小安桥,121.422714,31.184892,4号线,0.4725
整租·东航龙华苑 3室1厅 南,11000,100.54㎡,徐汇-龙华-东航龙华苑,121.451843,31.166052,11号线,0.6382
整租·华泾绿苑 2室2厅 南,6390,87.00㎡,徐汇-华泾-华泾绿苑,121.457976,31.113578,市域机场线,1.3685
整租·海珀旭晖酒店式公寓 2室1厅 南,16000,93.14㎡,徐汇-徐汇滨江-海珀旭晖酒店式公寓,121.458428,31.182624,12号线,0.234
整租·莱诗邸 3室2厅 南/北,22800,157.63㎡,徐汇-徐家汇-莱诗邸,121.440094,31.190159,4号线,0.6017
整租·锦馨苑 1室0厅 南,4500,36.26㎡,徐汇-田林-锦馨苑,121.4159,31.189969,15号线,0.6518
整租·华尔登广场 4室2厅 复式 西/北,35000,172.58㎡,徐汇-衡山路-华尔登广场,121.447843,31.215518,7号线,0.2533
整租·国泰新村 1室1厅 东南,4300,45.00㎡,徐汇-徐家汇-国泰新村,121.438211,31.202812,11号线,0.2896
整租·天平路91弄 1室1厅 南,6500,36.91㎡,徐汇-徐家汇-天平路91弄,121.43824,31.201311,11号线,0.3017
整租·长陇苑 2室1厅 南/北,5600,63.28㎡,徐汇-华东理工-长陇苑,121.429794,31.135808,15号线,0.7425
整租·楼园小区 3室1厅 南/北,6900,86.94㎡,徐汇-上海南站-楼园小区,121.431272,31.145279,15号线,0.2453
整租·南山大楼 2室2厅 南,7800,97.65㎡,徐汇-徐家汇-南山大楼,121.430833,31.189499,4号线,0.4641
整租·创世纪花园 2室1厅 东,11060,118.81㎡,徐汇-徐家汇-创世纪花园,121.439891,31.185288,4号线,0.3485
整租·梅陇十一村 3室0厅 南,5300,71.80㎡,徐汇-华东理工-梅陇十一村,121.427022,31.131789,15号线,0.8381
整租·宛南六村 1室1厅 南,4099,31.12㎡,徐汇-龙华-宛南六村,121.445104,31.179525,11号线,0.3536
整租·华狮国际公寓 1室1厅 南/西,6500,48.03㎡,徐汇-徐家汇-华狮国际公寓,121.441845,31.190525,4号线,0.5685
整租·武康路280弄(公房) 1室1厅 南,5000,35.01㎡,徐汇-衡山路-武康路280弄(公房),121.438556,31.207378,10号线,0.5571
整租·龙山新村 1室1厅 南,5060,39.86㎡,徐汇-万体馆-龙山新村,121.444891,31.184374,4号线,0.1883
整租·中煌大厦 1室1厅 东南/南,5000,43.00㎡,徐汇-龙华-中煌大厦,121.445898,31.180772,11号线,0.464
整租·望族城 3室1厅 南,13800,208.86㎡,徐汇-万体馆-望族城,121.435645,31.169896,12号线,0.2941
整租·康平路100弄 3室2厅 南,27000,140.45㎡,徐汇-衡山路-康平路100弄,121.442255,31.203777,1号线,0.4059
整租·大木桥路450弄 1室1厅 东,6160,37.13㎡,徐汇-斜土路-大木桥路450弄,121.462583,31.19575,12号线,0.199
整租·宜德苑 3室2厅 南,16000,125.37㎡,徐汇-徐家汇-宜德苑,121.426571,31.185311,4号线,0.1668
整租·虹桥乐庭 3室2厅 南,19000,147.23㎡,徐汇-徐家汇-虹桥乐庭,121.426173,31.193661,4号线,0.6665
整租·凯旋一村 1室1厅 南,5730,38.00㎡,徐汇-徐家汇-凯旋一村,121.423993,31.19315,4号线,0.5718
整租·华强公寓 2室1厅 南,9000,69.25㎡,徐汇-衡山路-华强公寓,121.445913,31.203139,1号线,0.1615
整租·馨宁公寓 1室1厅 南,5690,61.70㎡,徐汇-华泾-馨宁公寓,121.447726,31.128049,15号线,1.0306
整租·茶陵路223号 1室1厅 西南,5430,32.72㎡,徐汇-斜土路-茶陵路223号,121.466797,31.198001,12号线,0.551
整租·虹梅南路96弄 2室1厅 南,4200,62.00㎡,徐汇-华东理工-虹梅南路96弄,121.415879,31.140187,1号线,0.2814
整租·长桥一村 1室1厅 南,4630,39.00㎡,徐汇-长桥-长桥一村,121.437716,31.136658,15号线,0.5946
整租·上影广场(徐汇) 3室2厅 南/北,19683,159.92㎡,徐汇-徐家汇-上影广场(徐汇),121.439358,31.184426,1号线,0.2569
整租·天钥新村 1室1厅 南,5000,42.78㎡,徐汇-万体馆-天钥新村,121.44698,31.184669,4号线,0.3449
整租·乐山二村 2室1厅 南,5600,47.88㎡,徐汇-徐家汇-乐山二村,121.430209,31.197215,11号线,0.6378
整租·南昌路625号 2室1厅 东南,20000,69.80㎡,徐汇-衡山路-南昌路625号,121.45718,31.214168,12号线,0.1842
整租·玉兰花苑 2室1厅 南,8600,77.79㎡,徐汇-徐家汇-玉兰花苑,121.435064,31.18611,1号线,0.4291
整租·梅陇三村 2室0厅 南,4200,54.67㎡,徐汇-华东理工-梅陇三村,121.417497,31.135958,1号线,0.7655
整租·龙南三四村 3室1厅 南,8000,87.00㎡,徐汇-龙华-龙南三四村,121.436307,31.188334,1号线,0.6212
整租·梅陇四村 2室1厅 南,6800,86.84㎡,徐汇-华东理工-梅陇四村,121.421073,31.137521,1号线,0.8439
整租·斜土路1358弄 2室1厅 南,6800,49.84㎡,徐汇-斜土路-斜土路1358弄,121.46262,31.197792,12号线,0.4188
整租·茶陵小区 1室1厅 南,4800,34.75㎡,徐汇-斜土路-茶陵小区,121.468195,31.195896,12号线,0.511
整租·田林十一村 3室1厅 东/北,6500,70.98㎡,徐汇-田林-田林十一村,121.425926,31.171407,12号线,0.7672
整租·龙南七村 1室1厅 南/北,5500,40.90㎡,徐汇-龙华-龙南七村,121.436307,31.188334,1号线,0.6212
整租·田林五六七村 1室1厅 南,4600,40.00㎡,徐汇-田林-田林五六七村,121.418501,31.171765,15号线,0.338
整租·紫阳花苑 2室1厅 南,5500,64.46㎡,徐汇-华泾-紫阳花苑,121.452787,31.113285,市域机场线,0.8953
整租·漕溪四村 2室1厅 南,7500,62.74㎡,徐汇-万体馆-漕溪四村,121.439813,31.171379,3号线,0.4849
整租·印象欧洲(公寓) 3室1厅 南,10000,90.29㎡,徐汇-华泾-印象欧洲(公寓),121.458675,31.1175,市域机场线,1.6133
整租·田林十四村 2室1厅 西,7500,63.00㎡,徐汇-田林-田林十四村,121.423526,31.175538,15号线,0.5272
整租·滨江小区 2室1厅 南,7000,72.51㎡,徐汇-徐汇滨江-滨江小区,121.457044,31.152442,11号线,0.8457
整租·日晖二村 1室1厅 南,5500,30.32㎡,徐汇-斜土路-日晖二村,121.465461,31.193658,12号线,0.2127
整租·东方巴黎 3室2厅 南,25000,128.87㎡,徐汇-衡山路-东方巴黎,121.458761,31.21422,12号线,0.1029
整租·寿祥坊 1室1厅 南,4100,32.00㎡,徐汇-康健-寿祥坊,121.419231,31.151108,1号线,1.1001
整租·南丹路128弄 2室1厅 南/北,7700,61.37㎡,徐汇-徐家汇-南丹路128弄,121.432587,31.189083,4号线,0.577
整租·凌云壹街坊 3室1厅 南,11000,97.05㎡,徐汇-华东理工-凌云壹街坊,121.425762,31.135273,15号线,1.0424
整租·科嘉小区 2室1厅 南,7800,59.59㎡,徐汇-徐家汇-科嘉小区,121.442135,31.19429,11号线,0.5444
整租·徐汇苑 2室2厅 南/北,20500,134.56㎡,徐汇-龙华-徐汇苑,121.44403,31.177843,11号线,0.2861
整租·滨江小区 2室1厅 南/北,6200,68.92㎡,徐汇-徐汇滨江-滨江小区,121.457044,31.152442,11号线,0.8457
整租·西木小区 1室0厅 南,4900,30.03㎡,徐汇-斜土路-西木小区,121.458695,31.194521,12号线,0.4398
整租·尚海湾豪庭一期 3室2厅 南,25000,194.18㎡,徐汇-徐汇滨江-尚海湾豪庭一期,121.460283,31.179931,12号线,0.5807
整租·南天大楼 2室1厅 南,8500,92.60㎡,徐汇-徐家汇-南天大楼,121.442592,31.190613,4号线,0.5623
整租·瑞金南苑 4室2厅 南/北,20000,165.12㎡,徐汇-斜土路-瑞金南苑,121.467246,31.199625,9号线,0.717
整租·东安四村 1室1厅 东,6500,39.54㎡,徐汇-徐家汇-东安四村,121.450711,31.186675,4号线,0.6084
整租·龙山新村 1室1厅 南,4600,40.56㎡,徐汇-万体馆-龙山新村,121.444891,31.184374,4号线,0.1883
整租·体育花苑 2室1厅 南,6000,68.00㎡,徐汇-上海南站-体育花苑,121.430643,31.143065,15号线,0.2057
整租·虹桥乐庭 4室2厅 东南/南,26000,181.89㎡,徐汇-徐家汇-虹桥乐庭,121.426173,31.193661,4号线,0.6665
整租·田林三四村 1室1厅 南,4500,33.49㎡,徐汇-田林-田林三四村,121.422478,31.170246,15号线,0.4511
整租·园南新村 2室1厅 南/北,4500,57.93㎡,徐汇-植物园-园南新村,121.439964,31.140389,15号线,1.0568
整租·尚海湾豪庭一期 2室1厅 南,17000,128.08㎡,徐汇-徐汇滨江-尚海湾豪庭一期,121.460283,31.179931,12号线,0.5807
整租·武康路435号 1室1厅 东南,5500,20.00㎡,徐汇-衡山路-武康路435号,121.438401,31.204841,11号线,0.4182
整租·天平小区 1室0厅 西,6000,48.35㎡,徐汇-徐家汇-天平小区,121.439194,31.19834,11号线,0.3989
整租·虹梅南路96弄 2室1厅 南/北,4850,62.16㎡,徐汇-华东理工-虹梅南路96弄,121.415879,31.140187,1号线,0.2814
整租·衡山路696弄 2室1厅 南,8800,65.41㎡,徐汇-徐家汇-衡山路696弄,121.442112,31.199054,11号线,0.6554
整租·盛华景苑 3室2厅 南/北,9800,130.98㎡,徐汇-华泾-盛华景苑,121.455236,31.108796,市域机场线,1.0483
整租·嘉汇国际广场 1室1厅 南,7500,62.52㎡,徐汇-徐家汇-嘉汇国际广场,121.442908,31.188412,4号线,0.3168
整租·兆丰帝景苑 2室1厅 南,11500,84.51㎡,徐汇-徐家汇-兆丰帝景苑,121.443032,31.195733,11号线,0.6131
整租·永新花苑 3室2厅 南,36000,172.63㎡,徐汇-徐家汇-永新花苑,121.443234,31.193625,11号线,0.6657
整租·铁路职工小区 1室1厅 南,5300,43.95㎡,徐汇-徐家汇-铁路职工小区,121.424691,31.191181,4号线,0.5494
整租·罗秀二村 2室0厅 南,3500,52.23㎡,徐汇-长桥-罗秀二村,121.449261,31.131408,15号线,1.2832
整租·田林三四村 2室1厅 南,6000,46.88㎡,徐汇-田林-田林三四村,121.422478,31.170246,15号线,0.4511
整租·建国西路358弄 2室1厅 南,10800,60.70㎡,徐汇-建国西路-建国西路358弄,121.456274,31.204788,9号线,0.4752
整租·永福第六小区 2室1厅 南/北,13500,62.66㎡,徐汇-衡山路-永福第六小区,121.437639,31.206332,11号线,0.5101
整租·盛大花园 2室2厅 南,14000,107.75㎡,徐汇-龙华-盛大花园,121.454377,31.177717,12号线,0.5754
整租·百第宜山大楼 1室0厅 东北,4950,47.67㎡,徐汇-田林-百第宜山大楼,121.425793,31.182676,4号线,0.4675
整租·松风花园 2室2厅 南,6800,97.05㎡,徐汇-华东理工-松风花园,121.434485,31.13372,15号线,0.2714
整租·虹桥路400弄 2室1厅 南/西南/西,7200,73.90㎡,徐汇-徐家汇-虹桥路400弄,121.431146,31.192428,11号线,0.6225
整租·徐家汇花园 3室2厅 东/南,16800,128.54㎡,徐汇-徐家汇-徐家汇花园,121.447207,31.193531,9号线,0.7145
整租·建西小区 2室1厅 南,9800,57.48㎡,徐汇-建国西路-建西小区,121.455857,31.204832,9号线,0.5129
整租·百龙小区 2室1厅 南,5400,57.56㎡,徐汇-植物园-百龙小区,121.450056,31.145126,3号线,1.5644
整租·狮城花苑 2室1厅 南,5900,65.55㎡,徐汇-龙华-狮城花苑,121.446967,31.165539,3号线,0.4994
整租·长桥三村 2室1厅 南,4200,51.37㎡,徐汇-长桥-长桥三村,121.442318,31.134563,15号线,0.705
整租·长桥三村 1室1厅 南,3800,44.39㎡,徐汇-长桥-长桥三村,121.442318,31.134563,15号线,0.705
整租·金祥苑 1室1厅 南,7500,57.87㎡,徐汇-田林-金祥苑,121.41881,31.179589,15号线,0.5366
整租·宛平南路51号 1室0厅 东/西,5300,31.35㎡,徐汇-徐家汇-宛平南路51号,121.445431,31.19597,9号线,0.596
整租·科汇公寓 2室1厅 南,10000,59.96㎡,徐汇-徐家汇-科汇公寓,121.437951,31.193218,11号线,0.2851
整租·茶陵小区 1室1厅 南,4500,38.36㎡,徐汇-斜土路-茶陵小区,121.468195,31.195896,12号线,0.511
整租·岳阳路200弄 1室1厅 东南,8800,52.98㎡,徐汇-衡山路-岳阳路200弄,121.451693,31.204431,1号线,0.5022
整租·华泾绿苑 2室2厅 南/北,6800,87.00㎡,徐汇-华泾-华泾绿苑,121.457976,31.113578,市域机场线,1.3685
整租·宛南六村 2室0厅 南,6800,51.17㎡,徐汇-龙华-宛南六村,121.445104,31.179525,11号线,0.3536
整租·金牛苑 1室1厅 南,4500,43.28㎡,徐汇-上海南站-金牛苑,121.43475,31.152094,1号线,0.5267
整租·中海瀛台 5室2厅 南/北,23000,166.44㎡,徐汇-华泾-中海瀛台,121.453503,31.140154,15号线,1.9383
整租·东湾小区 2室1厅 南,4200,56.16㎡,徐汇-华泾-东湾小区,121.458546,31.122524,市域机场线,1.9565
整租·大木桥路450弄 1室1厅 东,6160,37.13㎡,徐汇-斜土路-大木桥路450弄,121.462583,31.19575,12号线,0.199
整租·嘉善路67号 1室1厅 西,4500,24.00㎡,徐汇-建国西路-嘉善路67号,121.459442,31.21189,12号线,0.3673
整租·华泾五村 2室1厅 南,4800,57.69㎡,徐汇-华泾-华泾五村,121.445737,31.119864,15号线,0.8911
整租·龙山新村 1室1厅 南,5060,39.86㎡,徐汇-万体馆-龙山新村,121.444891,31.184374,4号线,0.1883
整租·年平花苑 2室2厅 南,16800,146.31㎡,徐汇-建国西路-年平花苑,121.459504,31.20763,9号线,0.5453
整租·解龙小区 2室1厅 南,6300,54.40㎡,徐汇-龙华-解龙小区,121.454153,31.184023,12号线,0.2802
整租·龙南六村 3室1厅 南,8800,85.37㎡,徐汇-龙华-龙南六村,121.436307,31.188334,1号线,0.6212
整租·周家湾小区 1室1厅 南,4800,35.72㎡,徐汇-龙华-周家湾小区,121.450815,31.171156,12号线,0.2645
整租·诸家宅小区 1室1厅 南,4990,35.22㎡,徐汇-龙华-诸家宅小区,121.447914,31.170583,3号线,0.3589
整租·番南小区 1室1厅 南,4500,30.93㎡,徐汇-徐家汇-番南小区,121.426801,31.192123,4号线,0.6005
整租·百合花苑 3室2厅 东南,14000,135.15㎡,徐汇-康健-百合花苑,121.412762,31.15035,1号线,0.9107
整租·盛华景苑 2室1厅 南/北,5700,82.00㎡,徐汇-华泾-盛华景苑,121.455236,31.108796,市域机场线,1.0483
整租·锦蝶苑 3室2厅 南,12800,100.60㎡,徐汇-徐家汇-锦蝶苑,121.451174,31.192477,4号线,0.3996
整租·气象局小区 2室1厅 南,9800,44.93㎡,徐汇-徐家汇-气象局小区,121.437951,31.193218,11号线,0.2851
整租·馨宁公寓 2室1厅 南,6800,83.25㎡,徐汇-华泾-馨宁公寓,121.447726,31.128049,15号线,1.0306
整租·华龙公寓(徐汇) 2室1厅 西南/西,10000,70.13㎡,徐汇-衡山路-华龙公寓(徐汇),121.446335,31.203422,1号线,0.1229
整租·永康路142弄 1室1厅 东/北,3700,14.50㎡,徐汇-建国西路-永康路142弄,121.456301,31.209916,12号线,0.6249
整租·五原路84弄 1室0厅 北,4000,18.00㎡,徐汇-衡山路-五原路84弄,121.447418,31.213594,7号线,0.1643
整租·日晖六村 1室1厅 南,5800,28.24㎡,徐汇-斜土路-日晖六村,121.461128,31.195058,12号线,0.233
整租·长桥一村 1室1厅 南,4630,39.00㎡,徐汇-长桥-长桥一村,121.437716,31.136658,15号线,0.5946
整租·印象欧洲(公寓) 3室1厅 南,15000,127.71㎡,徐汇-华泾-印象欧洲(公寓),121.458675,31.1175,市域机场线,1.6133
整租·宛南五村 1室1厅 南,4600,40.00㎡,徐汇-龙华-宛南五村,121.448127,31.180509,11号线,0.6571
整租·金龙花苑玫瑰园 1室1厅 南,7800,36.12㎡,徐汇-龙华-金龙花苑玫瑰园,121.455877,31.168481,11号线,0.335
整租·枫林大楼 1室1厅 南,6200,46.40㎡,徐汇-徐家汇-枫林大楼,121.45305,31.200009,9号线,0.2778
整租·科嘉小区 2室1厅 南,7800,59.59㎡,徐汇-徐家汇-科嘉小区,121.442135,31.19429,11号线,0.5444
整租·兴荣苑 2室1厅 南/北,5200,66.63㎡,徐汇-华东理工-兴荣苑,121.431008,31.130491,15号线,0.4724
整租·田林十四村 1室1厅 南,5800,48.46㎡,徐汇-田林-田林十四村,121.423526,31.175538,15号线,0.5272
整租·馨宁公寓 2室1厅 南,5500,62.44㎡,徐汇-华泾-馨宁公寓,121.447726,31.128049,15号线,1.0306
整租·上影公寓 1室0厅 南,6500,37.51㎡,徐汇-徐家汇-上影公寓,121.441259,31.184547,4号线,0.2461
整租·康乐小区(徐汇) 2室1厅 南,5000,48.33㎡,徐汇-康健-康乐小区(徐汇),121.421809,31.157401,1号线,0.8449
整租·中海瀛台 4室2厅 东/西,16800,145.11㎡,徐汇-华泾-中海瀛台,121.453503,31.140154,15号线,1.9383
整租·永新城 1室2厅 南,16000,79.48㎡,徐汇-徐家汇-永新城,121.437951,31.193218,11号线,0.2851
整租·长丰坊 1室1厅 南,5200,32.73㎡,徐汇-康健-长丰坊,121.415655,31.1538,12号线,1.2343
整租·寿山坊 1室1厅 南,4200,40.49㎡,徐汇-康健-寿山坊,121.421346,31.152412,1号线,0.8631
整租·协昌小区 1室1厅 南,6000,54.78㎡,徐汇-龙华-协昌小区,121.444304,31.179398,11号线,0.2762
整租·东方曼哈顿 4室1厅 西南,24900,129.82㎡,徐汇-徐家汇-东方曼哈顿,121.433831,31.191094,11号线,0.5567
整租·吴兴路21弄 1室1厅 南,5500,34.30㎡,徐汇-衡山路-吴兴路21弄,121.442726,31.205958,10号线,0.2713
整租·华欣家园 2室1厅 南,5000,61.00㎡,徐汇-华泾-华欣家园,121.460936,31.11959,市域机场线,1.9205
整租·天平路91弄 3室2厅 南,21000,120.00㎡,徐汇-徐家汇-天平路91弄,121.43824,31.201311,11号线,0.3017
整租·汇成一村 1室1厅 南,3500,36.20㎡,徐汇-上海南站-汇成一村,121.43458,31.146486,15号线,0.5875
整租·东安五村 1室2厅 南,6500,51.90㎡,徐汇-龙华-东安五村,121.452592,31.184251,12号线,0.4265
整租·上缝小区 2室1厅 南,6200,53.02㎡,徐汇-龙华-上缝小区,121.446367,31.173351,3号线,0.4712
整租·南丹小区 2室0厅 南,6800,49.61㎡,徐汇-徐家汇-南丹小区,121.430324,31.191219,4号线,0.5814
整租·漕溪四村 1室1厅 南,4300,35.00㎡,徐汇-万体馆-漕溪四村,121.439813,31.171379,3号线,0.4849
整租·虹桥乐庭 3室2厅 南,19000,147.23㎡,徐汇-徐家汇-虹桥乐庭,121.426173,31.193661,4号线,0.6665
整租·世家小区 2室1厅 南,9200,44.77㎡,徐汇-建国西路-世家小区,121.460852,31.208686,9号线,0.6504
整租·华容小区 2室1厅 南,7300,73.11㎡,徐汇-龙华-华容小区,121.450037,31.179763,11号线,0.824
整租·兴国花园 3室3厅 南/北,35000,142.89㎡,徐汇-衡山路-兴国花园,121.438079,31.207322,10号线,0.6029
整租·紫阳花苑 2室2厅 南,5500,59.00㎡,徐汇-华泾-紫阳花苑,121.452787,31.113285,市域机场线,0.8953
整租·天钥新村 1室1厅 南,5000,42.78㎡,徐汇-万体馆-天钥新村,121.44698,31.184669,4号线,0.3449
整租·盛华景苑 2室1厅 南,6300,87.30㎡,徐汇-华泾-盛华景苑,121.455236,31.108796,市域机场线,1.0483
整租·紫阳花苑 1室1厅 南,3200,43.90㎡,徐汇-华泾-紫阳花苑,121.452787,31.113285,市域机场线,0.8953
整租·汇贤雅居 2室1厅 南,12800,89.81㎡,徐汇-徐家汇-汇贤雅居,121.427409,31.191016,4号线,0.477
整租·汇成二村 2室1厅 南/北,6800,63.10㎡,徐汇-上海南站-汇成二村,121.43492,31.145582,15号线,0.5842
整租·徐家汇花园 3室2厅 南,16500,168.70㎡,徐汇-徐家汇-徐家汇花园,121.447207,31.193531,9号线,0.7145
整租·汇宁花园 5室1厅 跃层 西北,59000,396.10㎡,徐汇-徐家汇-汇宁花园,121.432097,31.200457,11号线,0.3582
整租·通汇公寓 3室2厅 南,13500,145.51㎡,徐汇-徐家汇-通汇公寓,121.439961,31.187849,4号线,0.4213
整租·庆余公寓 1室1厅 南,9000,66.51㎡,徐汇-徐家汇-庆余公寓,121.4283,31.189554,4号线,0.3317
整租·长乐路637弄 1室1厅 南,7700,21.20㎡,徐汇-衡山路-长乐路637弄,121.454325,31.218871,12号线,0.5894
整租·亨利老公寓 2室1厅 南/北,17500,79.00㎡,徐汇-衡山路-亨利老公寓,121.454448,31.217198,12号线,0.4679
整租·岳阳路79弄 1室1厅 南,4700,25.00㎡,徐汇-建国西路-岳阳路79弄,121.452246,31.20694,1号线,0.6158
整租·乌中小区 2室1厅 南,11000,56.03㎡,徐汇-衡山路-乌中小区,121.446605,31.21193,7号线,0.2993
整租·东方曼哈顿 3室2厅 南,21500,170.24㎡,徐汇-徐家汇-东方曼哈顿,121.433831,31.191094,11号线,0.5567
整租·淮海大楼 1室1厅 南,8400,64.55㎡,徐汇-衡山路-淮海大楼,121.44994,31.213055,7号线,0.0922
整租·玉兰花苑 2室1厅 东,9000,110.04㎡,徐汇-徐家汇-玉兰花苑,121.435064,31.18611,1号线,0.4291
整租·康平路95号 2室0厅 东/西/西北/北,7800,38.33㎡,徐汇-衡山路-康平路95号,121.442528,31.203133,1号线,0.4022
整租·长桥六村 2室2厅 南,8800,97.39㎡,徐汇-长桥-长桥六村,121.436784,31.132944,15号线,0.1803
整租·紫阳花苑 2室1厅 南,5400,64.46㎡,徐汇-华泾-紫阳花苑,121.452787,31.113285,市域机场线,0.8953
整租·尚海湾豪庭一期 2室2厅 南,20000,115.74㎡,徐汇-徐汇滨江-尚海湾豪庭一期,121.460283,31.179931,12号线,0.5807
整租·金桂苑(徐汇) 2室1厅 南,8600,99.46㎡,徐汇-康健-金桂苑(徐汇),121.413697,31.162493,12号线,0.3449
整租·盛华景苑 1室1厅 南,4800,63.00㎡,徐汇-华泾-盛华景苑,121.455236,31.108796,市域机场线,1.0483
整租·梅陇六村 3室1厅 南/北,6500,63.08㎡,徐汇-华东理工-梅陇六村,121.419992,31.133501,1号线,1.1174
整租·华欣家园 3室1厅 南,7000,88.93㎡,徐汇-华泾-华欣家园,121.460936,31.11959,市域机场线,1.9205
整租·桃源村 1室2厅 南,13500,35.30㎡,徐汇-衡山路-桃源村,121.456083,31.211739,12号线,0.4549
整租·小木桥路227弄 1室1厅 南,5500,40.59㎡,徐汇-斜土路-小木桥路227弄,121.458108,31.198163,9号线,0.5725
整租·西木小区 2室1厅 南,6500,49.12㎡,徐汇-斜土路-西木小区,121.458695,31.194521,12号线,0.4398
整租·汇成宾阳苑 2室1厅 南,7200,60.12㎡,徐汇-龙华-汇成宾阳苑,121.436915,31.163457,12号线,0.6502
整租·紫阳花苑 2室1厅 南/北,4980,55.36㎡,徐汇-华泾-紫阳花苑,121.452787,31.113285,市域机场线,0.8953
整租·长桥八村 2室1厅 南,8700,93.20㎡,徐汇-长桥-长桥八村,121.439768,31.131052,15号线,0.3819
整租·花苑村桂花园 2室1厅 南,5200,60.00㎡,徐汇-康健-花苑村桂花园,121.416174,31.148068,1号线,0.6779
整租·罗秀三村 2室0厅 南,4500,49.19㎡,徐汇-植物园-罗秀三村,121.445954,31.134664,15号线,1.0274
整租·上飞新村 2室1厅 南,8500,69.73㎡,徐汇-徐汇滨江-上飞新村,121.458177,31.172953,12号线,0.4984
整租·馨宁公寓 2室1厅 南,5300,62.00㎡,徐汇-华泾-馨宁公寓,121.447726,31.128049,15号线,1.0306
整租·罗秀新村 3室1厅 南,6500,84.00㎡,徐汇-长桥-罗秀新村,121.447743,31.132315,15号线,1.1415
整租·汇成五村 1室1厅 南,4300,41.10㎡,徐汇-上海南站-汇成五村,121.430041,31.154579,1号线,0.0
整租·凯旋豪庭 2室2厅 南,14000,155.91㎡,徐汇-徐家汇-凯旋豪庭,121.431643,31.183494,4号线,0.5545
整租·嘉汇广场 3室2厅 南,16800,146.14㎡,徐汇-徐家汇-嘉汇广场,121.443208,31.188127,4号线,0.2813
整租·阳光新景 2室2厅 南,12000,111.82㎡,徐汇-华东理工-阳光新景,121.425989,31.136334,15号线,0.9238
整租·航道住宅小区 2室1厅 南/北,6550,47.34㎡,徐汇-斜土路-航道住宅小区,121.463626,31.195295,12号线,0.1412
整租·虹二小区 2室0厅 南,6400,50.97㎡,徐汇-徐家汇-虹二小区,121.425538,31.194907,4号线,0.5356
整租·凌云新村 1室1厅 南,3900,40.50㎡,徐汇-华东理工-凌云新村,121.417106,31.140692,1号线,0.3322
整租·漕溪一村 1室1厅 南,4400,32.39㎡,徐汇-万体馆-漕溪一村,121.436611,31.172787,3号线,0.4712
整租·华悦家园 2室2厅 南,10500,88.00㎡,徐汇-漕河泾-华悦家园,121.409543,31.165659,12号线,0.2044
整租·华东花苑 1室1厅 南,4500,52.00㎡,徐汇-上海南站-华东花苑,121.43489,31.148816,15号线,0.7562
整租·华沁家园 2室2厅 南/北,7800,89.88㎡,徐汇-植物园-华沁家园,121.450626,31.136849,15号线,1.5303
整租·尚海湾豪庭三期 2室2厅 南,24800,118.72㎡,徐汇-徐汇滨江-尚海湾豪庭三期,121.460283,31.179931,12号线,0.5807
整租·金谷园 1室1厅 南,6500,55.73㎡,徐汇-万体馆-金谷园,121.437093,31.176243,3号线,0.1374
整租·申峰大厦 1室1厅 南,7000,68.40㎡,徐汇-徐家汇-申峰大厦,121.441847,31.187118,4号线,0.232
整租·申航小区 2室1厅 南,5900,46.93㎡,徐汇-龙华-申航小区,121.442469,31.177791,11号线,0.1781
整租·尊园 2室1厅 南,15000,115.00㎡,徐汇-徐家汇-尊园,121.43982,31.191272,11号线,0.5614
整租·乐山一村 1室1厅 南,5000,41.57㎡,徐汇-徐家汇-乐山一村,121.42934,31.198091,11号线,0.7255
整租·冠生苑 1室1厅 南,4800,45.56㎡,徐汇-康健-冠生苑,121.426404,31.161782,15号线,0.8646
整租·尚海湾豪庭一期 2室2厅 南,19500,134.22㎡,徐汇-徐汇滨江-尚海湾豪庭一期,121.460283,31.179931,12号线,0.5807
整租·樱花园(徐汇) 2室1厅 南,4900,56.01㎡,徐汇-康健-樱花园(徐汇),121.421101,31.155372,1号线,0.8568
整租·天钥新村 2室1厅 南,6800,46.10㎡,徐汇-万体馆-天钥新村,121.44698,31.184669,4号线,0.3449
整租·长乐路683号 1室1厅 南,6100,34.77㎡,徐汇-衡山路-长乐路683号,121.44929,31.21631,7号线,0.3092
整租·馨宁公寓 2室1厅 南,5300,62.40㎡,徐汇-华泾-馨宁公寓,121.447726,31.128049,15号线,1.0306
整租·健安坊 2室1厅 复式 南,6800,60.40㎡,徐汇-康健-健安坊,121.424022,31.157133,1号线,0.6399
整租·爱建园 3室1厅 南,13500,124.98㎡,徐汇-田林-爱建园,121.432396,31.176268,3号线,0.5757
整租·柿子湾小区 3室2厅 南,8300,73.67㎡,徐汇-徐家汇-柿子湾小区,121.429589,31.189676,4号线,0.3996
整租·华狮国际公寓 1室1厅 南,7000,46.03㎡,徐汇-徐家汇-华狮国际公寓,121.441845,31.190525,4号线,0.5685
整租·寿昌坊 2室1厅 南/北,5100,57.68㎡,徐汇-康健-寿昌坊,121.420029,31.150993,1号线,1.034
整租·橡胶小区 2室1厅 南,7000,57.29㎡,徐汇-徐家汇-橡胶小区,121.445572,31.196913,9号线,0.5232
整租·凯旋一村 1室1厅 南,5000,37.59㎡,徐汇-徐家汇-凯旋一村,121.423993,31.19315,4号线,0.5718
整租·华狮国际公寓 1室1厅 南,8200,60.00㎡,徐汇-徐家汇-华狮国际公寓,121.441845,31.190525,4号线,0.5685
整租·华悦家园 3室1厅 南,9200,91.09㎡,徐汇-漕河泾-华悦家园,121.409543,31.165659,12号线,0.2044
整租·日晖二村 1室1厅 南,5500,41.13㎡,徐汇-斜土路-日晖二村,121.465461,31.193658,12号线,0.2127
整租·东方曼哈顿 3室2厅 东南,23000,168.84㎡,徐汇-徐家汇-东方曼哈顿,121.433831,31.191094,11号线,0.5567
整租·仪表新村 1室1厅 南,5300,33.00㎡,徐汇-田林-仪表新村,121.426481,31.170336,12号线,0.6723
整租·东安五村 1室1厅 南,4400,36.75㎡,徐汇-龙华-东安五村,121.452592,31.184251,12号线,0.4265
整租·长乐公寓 3室2厅 南,29800,150.98㎡,徐汇-衡山路-长乐公寓,121.442047,31.214208,7号线,0.6801
整租·华龙公寓(徐汇) 2室1厅 东/南,8500,70.11㎡,徐汇-衡山路-华龙公寓(徐汇),121.446335,31.203422,1号线,0.1229
整租·宛平公寓 3室2厅 西南/西,19500,145.46㎡,徐汇-衡山路-宛平公寓,121.445455,31.199364,9号线,0.4534
整租·梅陇五村 2室1厅 南/北,4500,53.94㎡,徐汇-华东理工-梅陇五村,121.42073,31.135743,1号线,0.956
整租·建国西路695弄 1室1厅 南,6200,37.35㎡,徐汇-衡山路-建国西路695弄,121.443744,31.200001,1号线,0.5631
整租·汇景苑 3室2厅 东南/南,17000,126.48㎡,徐汇-建国西路-汇景苑,121.461386,31.204557,9号线,0.2032
整租·迎春园 3室2厅 南,13000,121.62㎡,徐汇-康健-迎春园,121.417629,31.147241,1号线,0.6504
整租·中恒苑 1室1厅 南,4200,40.00㎡,徐汇-植物园-中恒苑,121.447925,31.139603,15号线,1.4602
整租·公安大楼(徐汇) 2室1厅 南/北,8800,60.52㎡,徐汇-衡山路-公安大楼(徐汇),121.445083,31.199055,9号线,0.4906
整租·科苑新村 2室1厅 南,7200,79.81㎡,徐汇-康健-科苑新村,121.432876,31.163795,12号线,0.5049
整租·梓树园 3室2厅 南,13500,157.59㎡,徐汇-康健-梓树园,121.430387,31.162632,12号线,0.6856
整租·康乐小区(徐汇) 2室1厅 南/北,4600,50.13㎡,徐汇-康健-康乐小区(徐汇),121.421809,31.157401,1号线,0.8449
整租·凯翔小区 1室1厅 南,6800,55.12㎡,徐汇-万体馆-凯翔小区,121.439011,31.17024,3号线,0.5194
整租·金牛苑 1室1厅 南,4700,36.37㎡,徐汇-上海南站-金牛苑,121.43475,31.152094,1号线,0.5267
整租·周家湾小区 2室1厅 南,6000,52.05㎡,徐汇-龙华-周家湾小区,121.450815,31.171156,12号线,0.2645
整租·东航公寓 2室1厅 南,9500,94.55㎡,徐汇-徐家汇-东航公寓,121.421397,31.190298,4号线,0.6803
整租·日晖六村 1室0厅 北,3700,28.90㎡,徐汇-斜土路-日晖六村,121.461128,31.195058,12号线,0.233
整租·馨宁公寓 1室2厅 南,5500,62.00㎡,徐汇-华泾-馨宁公寓,121.447726,31.128049,15号线,1.0306
整租·大木桥路450弄 2室0厅 南/北,7800,51.28㎡,徐汇-斜土路-大木桥路450弄,121.462583,31.19575,12号线,0.199
整租·新贵都万体景苑 3室2厅 西南,13980,132.87㎡,徐汇-徐家汇-新贵都万体景苑,121.442248,31.186828,4号线,0.1824
整租·东湾小区 1室1厅 南,3800,43.98㎡,徐汇-华泾-东湾小区,121.458546,31.122524,市域机场线,1.9565
整租·宛南四村 1室1厅 南,4700,31.88㎡,徐汇-龙华-宛南四村,121.450444,31.18158,12号线,0.7031
整租·御江廷 3室2厅 南,21000,103.00㎡,徐汇-徐汇滨江-御江廷,121.468942,31.192413,12号线,0.5697
整租·南丹小区 1室1厅 东南,5500,31.82㎡,徐汇-徐家汇-南丹小区,121.430324,31.191219,4号线,0.5814
整租·华泾五村 2室1厅 南,4800,57.69㎡,徐汇-华泾-华泾五村,121.445737,31.119864,15号线,0.8911
整租·民苑小区 1室1厅 南,8000,55.36㎡,徐汇-徐汇滨江-民苑小区,121.458523,31.171737,12号线,0.5405
整租·永兆豪庭 2室2厅 南,10000,110.72㎡,徐汇-漕河泾-永兆豪庭,121.395743,31.173606,9号线,0.3809
整租·漕溪四村 1室1厅 南,4800,35.75㎡,徐汇-万体馆-漕溪四村,121.439813,31.171379,3号线,0.4849
整租·长丰坊 2室1厅 南,5800,72.68㎡,徐汇-康健-长丰坊,121.415655,31.1538,12号线,1.2343
整租·华沁家园 1室1厅 南,5200,55.55㎡,徐汇-植物园-华沁家园,121.450626,31.136849,15号线,1.5303
整租·化工二三村 2室0厅 南,4500,48.17㎡,徐汇-华东理工-化工二三村,121.417628,31.137937,1号线,0.5812
整租·上海师大新村 3室0厅 南/北,5800,61.72㎡,徐汇-康健-上海师大新村,121.41712,31.158809,12号线,0.8528
整租·高安路9弄 3室2厅 南/北,9900,86.83㎡,徐汇-衡山路-高安路9弄,121.445478,31.206315,10号线,0.2111
整租·虹二小区 1室1厅 南,5100,30.06㎡,徐汇-徐家汇-虹二小区,121.425538,31.194907,4号线,0.5356
整租·华泾五村 2室1厅 南/北,5000,66.69㎡,徐汇-华泾-华泾五村,121.445737,31.119864,15号线,0.8911
整租·徐汇新城(公寓) 1室1厅 南,5200,54.82㎡,徐汇-长桥-徐汇新城(公寓),121.45183,31.132446,15号线,1.5313
整租·龙吴路11弄 1室1厅 南,5400,43.98㎡,徐汇-万体馆-龙吴路11弄,121.443137,31.174354,3号线,0.5228
整租·鑫隆花园 2室1厅 西南,6000,66.98㎡,徐汇-植物园-鑫隆花园,121.443079,31.138722,15号线,1.0549
整租·南丹小区 1室0厅 南,5500,34.42㎡,徐汇-徐家汇-南丹小区,121.430324,31.191219,4号线,0.5814
整租·寿山坊 1室1厅 南,4200,40.08㎡,徐汇-康健-寿山坊,121.421346,31.152412,1号线,0.8631
整租·田林新苑 2室1厅 南,9600,70.45㎡,徐汇-田林-田林新苑,121.426996,31.173799,12号线,0.842
整租·徐汇臻园 3室2厅 南/北,12000,109.22㎡,徐汇-华泾-徐汇臻园,121.448925,31.125721,15号线,1.0712
整租·科汇公寓 1室1厅 南,7000,47.36㎡,徐汇-徐家汇-科汇公寓,121.437951,31.193218,11号线,0.2851
整租·宛南五村 1室1厅 南/北,4800,33.13㎡,徐汇-龙华-宛南五村,121.448127,31.180509,11号线,0.6571
整租·长桥一村 1室1厅 南,4500,38.73㎡,徐汇-长桥-长桥一村,121.437716,31.136658,15号线,0.5946
整租·南天公寓 2室1厅 南,8500,80.00㎡,徐汇-康健-南天公寓,121.433458,31.165232,12号线,0.3463
整租·龙吴路13弄 2室1厅 南,5500,44.41㎡,徐汇-万体馆-龙吴路13弄,121.443513,31.173279,3号线,0.4316
整租·东安花苑 1室1厅 南/北,6500,51.06㎡,徐汇-龙华-东安花苑,121.455633,31.185885,12号线,0.2156
整租·金塘小区 1室1厅 南,4600,51.06㎡,徐汇-上海南站-金塘小区,121.426505,31.148375,15号线,0.5143
整租·汇成一村 2室1厅 南,5200,48.80㎡,徐汇-上海南站-汇成一村,121.43458,31.146486,15号线,0.5875
整租·松风花园 2室1厅 南,6800,68.02㎡,徐汇-华东理工-松风花园,121.434485,31.13372,15号线,0.2714
整租·樱花园(徐汇) 2室1厅 南,4900,56.01㎡,徐汇-康健-樱花园(徐汇),121.421101,31.155372,1号线,0.8568
整租·长乐路683号 1室1厅 南,6100,34.77㎡,徐汇-衡山路-长乐路683号,121.44929,31.21631,7号线,0.3092
整租·天钥新村 2室1厅 南,6800,46.10㎡,徐汇-万体馆-天钥新村,121.44698,31.184669,4号线,0.3449
整租·海珀旭晖酒店式公寓 2室1厅 南/北,18000,93.14㎡,徐汇-徐汇滨江-海珀旭晖酒店式公寓,121.458428,31.182624,12号线,0.234
整租·虹桥路400弄 2室2厅 东南/南,11000,108.38㎡,徐汇-徐家汇-虹桥路400弄,121.431146,31.192428,11号线,0.6225
整租·健安坊 2室1厅 复式 南,6800,60.40㎡,徐汇-康健-健安坊,121.424022,31.157133,1号线,0.6399
整租·乌南公馆 4室2厅 南,72000,226.53㎡,徐汇-衡山路-乌南公馆,121.449705,31.200852,9号线,0.1642
整租·徐家汇景园 3室2厅 南,18800,147.89㎡,徐汇-徐家汇-徐家汇景园,121.427982,31.189023,4号线,0.2664
整租·爱建园 3室1厅 南,13500,124.98㎡,徐汇-田林-爱建园,121.432396,31.176268,3号线,0.5757
整租·汇宁花园 4室2厅 南,32500,187.82㎡,徐汇-徐家汇-汇宁花园,121.432097,31.200457,11号线,0.3582
整租·馨宁公寓 2室1厅 南,5300,62.40㎡,徐汇-华泾-馨宁公寓,121.447726,31.128049,15号线,1.0306
整租·振兴小区(徐汇) 2室1厅 南,7800,55.56㎡,徐汇-徐家汇-振兴小区(徐汇),121.452172,31.193677,4号线,0.4097
整租·永嘉新村 2室1厅 南,9600,50.00㎡,徐汇-衡山路-永嘉新村,121.450103,31.205658,1号线,0.3723
整租·田林十四村 1室1厅 南,6590,48.46㎡,徐汇-田林-田林十四村,121.423526,31.175538,15号线,0.5272
整租·吴东小区 1室1厅 南,4600,36.88㎡,徐汇-徐家汇-吴东小区,121.422474,31.191462,4号线,0.6904
整租·东荡小区 2室1厅 南,5600,62.14㎡,徐汇-上海南站-东荡小区,121.428113,31.15015,1号线,0.5243
整租·田林十四村 1室1厅 南,5120,32.37㎡,徐汇-田林-田林十四村,121.423526,31.175538,15号线,0.5272
整租·汇京佳丽园 3室2厅 南,13500,125.46㎡,徐汇-上海南站-汇京佳丽园,121.429969,31.147135,15号线,0.3324
整租·乐山八九村 1室1厅 南,5000,34.48㎡,徐汇-徐家汇-乐山八九村,121.428819,31.193932,11号线,0.7622
整租·印象欧洲(公寓) 3室2厅 南/北,10500,93.01㎡,徐汇-华泾-印象欧洲(公寓),121.458675,31.1175,市域机场线,1.6133
整租·薛家宅小区 2室1厅 南/北,5800,52.33㎡,徐汇-康健-薛家宅小区,121.427634,31.163639,12号线,0.7402
整租·谨斜小区 3室1厅 南,9500,61.12㎡,徐汇-徐家汇-谨斜小区,121.448534,31.193321,4号线,0.6668
整租·东安四村 1室1厅 南,4300,14.70㎡,徐汇-徐家汇-东安四村,121.450711,31.186675,4号线,0.6084
整租·久安小区 1室1厅 北,5000,26.34㎡,徐汇-衡山路-久安小区,121.446379,31.20047,9号线,0.3828
整租·东方曼哈顿 2室2厅 东南,12000,94.27㎡,徐汇-徐家汇-东方曼哈顿,121.433831,31.191094,11号线,0.5567
整租·懿园 1室0厅 北,3600,17.00㎡,徐汇-衡山路-懿园,121.450313,31.203889,1号线,0.3773
整租·舒乐公寓 1室1厅 东,5200,76.16㎡,徐汇-华东理工-舒乐公寓,121.434999,31.131477,15号线,0.0774
整租·康乐小区(徐汇) 1室1厅 南,5000,39.89㎡,徐汇-康健-康乐小区(徐汇),121.421809,31.157401,1号线,0.8449
整租·漕溪一村 2室1厅 南,5600,56.77㎡,徐汇-万体馆-漕溪一村,121.436611,31.172787,3号线,0.4712
整租·岳阳路77弄 1室1厅 南,6000,34.02㎡,徐汇-建国西路-岳阳路77弄,121.453916,31.207645,1号线,0.7931
整租·宛南二村 1室1厅 南,4200,40.45㎡,徐汇-龙华-宛南二村,121.450009,31.184087,4号线,0.6401
整租·中海瀛台 3室2厅 南/北,10800,86.85㎡,徐汇-华泾-中海瀛台,121.453503,31.140154,15号线,1.9383
整租·华沁家园 4室1厅 南,8900,117.45㎡,徐汇-植物园-华沁家园,121.450626,31.136849,15号线,1.5303
整租·丝庐花语 2室1厅 南,12500,81.57㎡,徐汇-斜土路-丝庐花语,121.466644,31.196419,12号线,0.4141
整租·光华绿苑 2室1厅 复式 南,4200,82.29㎡,徐汇-华泾-光华绿苑,121.452875,31.11116,市域机场线,0.8304
整租·漕泾一村 1室0厅 南,4000,31.75㎡,徐汇-康健-漕泾一村,121.426909,31.165938,12号线,0.6514
整租·华强公寓 1室1厅 东,8500,65.90㎡,徐汇-衡山路-华强公寓,121.445913,31.203139,1号线,0.1615
整租·钦州公寓 2室1厅 南,6300,69.99㎡,徐汇-田林-钦州公寓,121.428852,31.175779,3号线,0.9173
整租·徐汇新城(公寓) 2室2厅 南/北,7500,91.13㎡,徐汇-长桥-徐汇新城(公寓),121.45183,31.132446,15号线,1.5313
整租·宏润花园 3室1厅 南/北,15200,143.00㎡,徐汇-万体馆-宏润花园,121.436307,31.188334,1号线,0.6212
整租·宜德苑 3室1厅 南,11500,113.00㎡,徐汇-徐家汇-宜德苑,121.426571,31.185311,4号线,0.1668
整租·光华绿苑 2室1厅 南,4300,64.40㎡,徐汇-华泾-光华绿苑,121.452875,31.11116,市域机场线,0.8304
整租·樱花园(徐汇) 2室1厅 南,5000,53.82㎡,徐汇-康健-樱花园(徐汇),121.421101,31.155372,1号线,0.8568
整租·华泾绿苑 2室2厅 南,7300,86.79㎡,徐汇-华泾-华泾绿苑,121.457976,31.113578,市域机场线,1.3685
整租·天钥新村 1室1厅 南,5500,40.00㎡,徐汇-万体馆-天钥新村,121.44698,31.184669,4号线,0.3449
整租·华东花苑 3室2厅 南,7000,101.99㎡,徐汇-上海南站-华东花苑,121.43489,31.148816,15号线,0.7562
整租·花苑村桂花园 2室1厅 南,5500,60.90㎡,徐汇-康健-花苑村桂花园,121.416174,31.148068,1号线,0.6779
整租·尚海湾豪庭一期 2室1厅 南,20000,125.31㎡,徐汇-徐汇滨江-尚海湾豪庭一期,121.460283,31.179931,12号线,0.5807
整租·气象苑 2室1厅 南,7500,62.06㎡,徐汇-龙华-气象苑,121.437164,31.168507,12号线,0.3837
整租·天平小区 2室0厅 南,7000,61.41㎡,徐汇-徐家汇-天平小区,121.439194,31.19834,11号线,0.3989
整租·龙吴路13弄 1室1厅 南,4800,39.59㎡,徐汇-万体馆-龙吴路13弄,121.443513,31.173279,3号线,0.4316
整租·零陵小区 1室1厅 南,6600,40.00㎡,徐汇-徐家汇-零陵小区,121.444466,31.186954,4号线,0.1742
整租·名人花苑 2室2厅 南/北,4800,76.54㎡,徐汇-华泾-名人花苑,121.453588,31.115014,市域机场线,1.0559
整租·天钥桥路69弄丙支弄 1室1厅 南,5500,44.47㎡,徐汇-徐家汇-天钥桥路69弄丙支弄,121.441903,31.193697,11号线,0.5438
整租·长桥五村 1室1厅 南,4000,43.59㎡,徐汇-长桥-长桥五村,121.435559,31.135959,15号线,0.4891
整租·橡胶小区 2室1厅 南,7000,57.29㎡,徐汇-徐家汇-橡胶小区,121.445572,31.196913,9号线,0.5232
整租·龙山新村 1室1厅 南,4960,32.00㎡,徐汇-万体馆-龙山新村,121.444891,31.184374,4号线,0.1883
整租·永嘉新村 2室1厅 南,9600,50.00㎡,徐汇-衡山路-永嘉新村,121.450103,31.205658,1号线,0.3723
整租·协昌小区 1室1厅 南,7090,56.00㎡,徐汇-龙华-协昌小区,121.444304,31.179398,11号线,0.2762
整租·百龙小区 2室1厅 南,5600,57.56㎡,徐汇-植物园-百龙小区,121.450056,31.145126,3号线,1.5644
整租·汇京佳丽园 3室2厅 南,13500,125.46㎡,徐汇-上海南站-汇京佳丽园,121.429969,31.147135,15号线,0.3324
整租·协昌小区 1室1厅 南,7130,54.78㎡,徐汇-龙华-协昌小区,121.444304,31.179398,11号线,0.2762
整租·东方曼哈顿 3室2厅 东南,23000,168.84㎡,徐汇-徐家汇-东方曼哈顿,121.433831,31.191094,11号线,0.5567
整租·仪表新村 1室1厅 南,5300,33.00㎡,徐汇-田林-仪表新村,121.426481,31.170336,12号线,0.6723
整租·东安五村 1室1厅 南,4400,36.75㎡,徐汇-龙华-东安五村,121.452592,31.184251,12号线,0.4265
整租·寿昌坊 2室1厅 南/北,6000,57.68㎡,徐汇-康健-寿昌坊,121.420029,31.150993,1号线,1.034
整租·梅陇六村 1室1厅 南,4300,43.27㎡,徐汇-华东理工-梅陇六村,121.419992,31.133501,1号线,1.1174
整租·宛平南路65弄 2室1厅 南,6900,48.91㎡,徐汇-徐家汇-宛平南路65弄,121.446633,31.196566,9号线,0.4664
整租·花苑村玉兰园 2室1厅 南,6000,64.89㎡,徐汇-康健-花苑村玉兰园,121.413372,31.144038,1号线,0.2137
整租·乐山大楼 2室1厅 东南,6700,53.18㎡,徐汇-徐家汇-乐山大楼,121.433254,31.196002,11号线,0.3237
整租·玉兰花苑 2室2厅 西,12000,108.39㎡,徐汇-徐家汇-玉兰花苑,121.435064,31.18611,1号线,0.4291
整租·襄北大楼 2室1厅 南/北,6000,50.61㎡,徐汇-衡山路-襄北大楼,121.455623,31.217117,12号线,0.3686
整租·吴中公寓 2室1厅 东,8890,72.34㎡,徐汇-田林-吴中公寓,121.420411,31.187414,4号线,0.6511
整租·梅陇十村 2室1厅 南,4200,60.22㎡,徐汇-华东理工-梅陇十村,121.423617,31.130903,15号线,1.1646
整租·阳光绿园 2室1厅 南,7330,79.00㎡,徐汇-华东理工-阳光绿园,121.427662,31.136961,15号线,0.8187
整租·精文公寓 4室1厅 东南,12000,133.72㎡,徐汇-万体馆-精文公寓,121.449813,31.185424,4号线,0.5992
整租·盛华景苑 1室1厅 南,3800,68.00㎡,徐汇-华泾-盛华景苑,121.455236,31.108796,市域机场线,1.0483
整租·寿昌坊 1室1厅 南,7000,50.00㎡,徐汇-康健-寿昌坊,121.420029,31.150993,1号线,1.034
整租·长桥四村 1室1厅 南,4000,42.31㎡,徐汇-长桥-长桥四村,121.439373,31.133515,15号线,0.4038
整租·江南新村(徐汇) 1室1厅 南,5200,43.00㎡,徐汇-斜土路-江南新村(徐汇),121.462755,31.191784,12号线,0.2569
整租·创世纪花园 3室2厅 南,22688,125.00㎡,徐汇-徐家汇-创世纪花园,121.439891,31.185288,4号线,0.3485
整租·龙山新村 1室1厅 南/北,4700,39.00㎡,徐汇-万体馆-龙山新村,121.444891,31.184374,4号线,0.1883
整租·汇成一村 1室0厅 南,3600,38.60㎡,徐汇-上海南站-汇成一村,121.43458,31.146486,15号线,0.5875
整租·尚汇豪庭二期 2室2厅 南,17500,98.33㎡,徐汇-田林-尚汇豪庭二期,121.42752,31.180832,4号线,0.6531
整租·田林十一村 1室1厅 南,5090,35.00㎡,徐汇-田林-田林十一村,121.425926,31.171407,12号线,0.7672
整租·田林十一村 2室1厅 南,6160,50.28㎡,徐汇-田林-田林十一村,121.425926,31.171407,12号线,0.7672
整租·田林五六七村 1室1厅 南,5730,32.16㎡,徐汇-田林-田林五六七村,121.418501,31.171765,15号线,0.338
整租·康乐小区(徐汇) 2室1厅 南,4600,49.72㎡,徐汇-康健-康乐小区(徐汇),121.421809,31.157401,1号线,0.8449
整租·海珀旭晖酒店式公寓 1室1厅 南,13000,67.76㎡,徐汇-徐汇滨江-海珀旭晖酒店式公寓,121.458428,31.182624,12号线,0.234
整租·吴东小区 3室1厅 南/北,10500,81.00㎡,徐汇-徐家汇-吴东小区,121.422474,31.191462,4号线,0.6904
整租·田林十一村 1室1厅 南,4830,41.22㎡,徐汇-田林-田林十一村,121.425926,31.171407,12号线,0.7672
整租·吴东小区 2室1厅 南/北,9500,54.00㎡,徐汇-徐家汇-吴东小区,121.422474,31.191462,4号线,0.6904
整租·上海师大新村 2室1厅 南,7090,79.11㎡,徐汇-康健-上海师大新村,121.41712,31.158809,12号线,0.8528
整租·康乐小区(徐汇) 1室1厅 南,4345,38.06㎡,徐汇-康健-康乐小区(徐汇),121.421809,31.157401,1号线,0.8449
整租·上缝小区 1室1厅 南,4990,34.64㎡,徐汇-龙华-上缝小区,121.446367,31.173351,3号线,0.4712
整租·上缝小区 2室1厅 南,6860,54.18㎡,徐汇-龙华-上缝小区,121.446367,31.173351,3号线,0.4712
整租·华沁家园 3室2厅 南/北,12000,152.97㎡,徐汇-植物园-华沁家园,121.450626,31.136849,15号线,1.5303
整租·印象欧洲(公寓) 3室2厅 南/北,8000,116.90㎡,徐汇-华泾-印象欧洲(公寓),121.458675,31.1175,市域机场线,1.6133
整租·上缝小区 1室1厅 南,4930,34.55㎡,徐汇-龙华-上缝小区,121.446367,31.173351,3号线,0.4712
整租·嘉汇国际广场 1室2厅 西,6500,62.73㎡,徐汇-徐家汇-嘉汇国际广场,121.442908,31.188412,4号线,0.3168
整租·衡园 3室2厅 南,20000,120.85㎡,徐汇-斜土路-衡园,121.463849,31.20195,9号线,0.3148
整租·金巢铂瑞阁 1室1厅 西,7000,60.80㎡,徐汇-斜土路-金巢铂瑞阁,121.464861,31.200468,9号线,0.4742
整租·东湾小区 2室1厅 南,4200,56.16㎡,徐汇-华泾-东湾小区,121.458546,31.122524,市域机场线,1.9565
整租·盛华景苑 1室1厅 南,4200,67.46㎡,徐汇-华泾-盛华景苑,121.455236,31.108796,市域机场线,1.0483
整租·上缝小区 2室1厅 南,7030,55.94㎡,徐汇-龙华-上缝小区,121.446367,31.173351,3号线,0.4712
整租·三江小区 1室1厅 西,4830,44.83㎡,徐汇-龙华-三江小区,121.440003,31.164717,3号线,0.6712
整租·三江小区 2室1厅 南,7030,63.00㎡,徐汇-龙华-三江小区,121.440003,31.164717,3号线,0.6712
整租·东方曼哈顿 3室2厅 南,19500,155.87㎡,徐汇-徐家汇-东方曼哈顿,121.433831,31.191094,11号线,0.5567
整租·三江小区 2室1厅 南,5728,62.74㎡,徐汇-龙华-三江小区,121.440003,31.164717,3号线,0.6712
整租·寿祥坊 2室1厅 南,6129,55.10㎡,徐汇-康健-寿祥坊,121.419231,31.151108,1号线,1.1001
整租·花苑茶花园 2室1厅 南,6200,59.05㎡,徐汇-康健-花苑茶花园,121.414351,31.151138,1号线,0.9892
整租·西雅图嘉萱苑 4室2厅 南/北,15500,147.21㎡,徐汇-龙华-西雅图嘉萱苑,121.438256,31.166968,12号线,0.5107
整租·永太小区 2室1厅 南/北,8400,48.82㎡,徐汇-建国西路-永太小区,121.456411,31.209247,12号线,0.6908
整租·岳阳路200弄 1室1厅 东南,8800,52.98㎡,徐汇-衡山路-岳阳路200弄,121.451693,31.204431,1号线,0.5022
整租·徐汇世家花园 2室1厅 南,10860,84.24㎡,徐汇-田林-徐汇世家花园,121.418385,31.181414,15号线,0.5366
整租·田林十三村 1室1厅 南,4790,27.60㎡,徐汇-田林-田林十三村,121.424739,31.173275,15号线,0.6581
整租·徐虹大楼 2室2厅 东/南,13800,96.87㎡,徐汇-徐家汇-徐虹大楼,121.42475,31.187033,4号线,0.2355
整租·田林十三村 1室1厅 南,5230,34.51㎡,徐汇-田林-田林十三村,121.424739,31.173275,15号线,0.6581
整租·田林十二村 1室1厅 南,4360,32.40㎡,徐汇-田林-田林十二村,121.428878,31.171776,12号线,0.5568
整租·康乐小区(徐汇) 1室1厅 南,4345,38.06㎡,徐汇-康健-康乐小区(徐汇),121.421809,31.157401,1号线,0.8449
整租·龙南七村 2室1厅 南,6500,76.05㎡,徐汇-龙华-龙南七村,121.436307,31.188334,1号线,0.6212
整租·田林十二村 1室1厅 南,4760,33.97㎡,徐汇-田林-田林十二村,121.428878,31.171776,12号线,0.5568
整租·中海馨园 2室2厅 南,11000,96.56㎡,徐汇-康健-中海馨园,121.428738,31.162025,12号线,0.8167
整租·五原路65弄 1室2厅 南,7800,40.10㎡,徐汇-衡山路-五原路65弄,121.448217,31.212808,7号线,0.1185
整租·田林十二村 2室1厅 南,6360,47.57㎡,徐汇-田林-田林十二村,121.428878,31.171776,12号线,0.5568
整租·吴东小区 3室1厅 南/北,10500,81.00㎡,徐汇-徐家汇-吴东小区,121.422474,31.191462,4号线,0.6904
整租·梅陇路3号 2室0厅 南,3800,45.77㎡,徐汇-华东理工-梅陇路3号,121.427327,31.141312,15号线,0.3629
整租·吴东小区 2室1厅 南/北,9500,54.00㎡,徐汇-徐家汇-吴东小区,121.422474,31.191462,4号线,0.6904
整租·天悦 2室1厅 南/北,12000,77.30㎡,徐汇-康健-天悦,121.421101,31.155372,1号线,0.8568
整租·田林十二村 1室1厅 南,4778,34.20㎡,徐汇-田林-田林十二村,121.428878,31.171776,12号线,0.5568
整租·田林十二村 1室1厅 南,5060,34.67㎡,徐汇-田林-田林十二村,121.428878,31.171776,12号线,0.5568
整租·印象欧洲(公寓) 3室2厅 南/北,8000,116.90㎡,徐汇-华泾-印象欧洲(公寓),121.458675,31.1175,市域机场线,1.6133
整租·东湾小区 2室1厅 南,4200,56.16㎡,徐汇-华泾-东湾小区,121.458546,31.122524,市域机场线,1.9565
整租·楼园小区 1室1厅 南,4890,49.05㎡,徐汇-上海南站-楼园小区,121.431272,31.145279,15号线,0.2453
整租·嘉汇国际广场 1室2厅 西,6500,62.73㎡,徐汇-徐家汇-嘉汇国际广场,121.442908,31.188412,4号线,0.3168
整租·名仕苑 3室2厅 西,17500,129.59㎡,徐汇-徐家汇-名仕苑,121.434811,31.196244,11号线,0.189
整租·华沁家园 2室2厅 南/北,7500,90.00㎡,徐汇-植物园-华沁家园,121.450626,31.136849,15号线,1.5303
整租·罗秀新村 2室1厅 南,5130,71.20㎡,徐汇-长桥-罗秀新村,121.447743,31.132315,15号线,1.1415
整租·龙华路2373弄 1室1厅 东,4360,20.00㎡,徐汇-龙华-龙华路2373弄,121.452507,31.181852,12号线,0.5168
整租·金巢铂瑞阁 1室1厅 西,7000,60.80㎡,徐汇-斜土路-金巢铂瑞阁,121.464861,31.200468,9号线,0.4742
整租·龙华路2373弄 2室1厅 南,5830,43.56㎡,徐汇-龙华-龙华路2373弄,121.452507,31.181852,12号线,0.5168
整租·斜土路2200弄 2室1厅 南/北,6500,49.68㎡,徐汇-徐家汇-斜土路2200弄,121.449739,31.192165,4号线,0.5137
整租·天钥新村 2室1厅 南,7300,51.85㎡,徐汇-万体馆-天钥新村,121.44698,31.184669,4号线,0.3449
整租·徐汇世家花园 2室1厅 南,10860,84.24㎡,徐汇-田林-徐汇世家花园,121.418385,31.181414,15号线,0.5366
整租·海天公寓 1室1厅 西,6230,42.20㎡,徐汇-徐家汇-海天公寓,121.441758,31.191354,4号线,0.6593
整租·明佳公寓 2室1厅 东南,10389,95.90㎡,徐汇-田林-明佳公寓,121.415333,31.178162,15号线,0.4554
整租·尚海湾豪庭一期 1室2厅 南,12500,65.24㎡,徐汇-徐汇滨江-尚海湾豪庭一期,121.460283,31.179931,12号线,0.5807
整租·美晶佳园 2室2厅 南,11800,108.89㎡,徐汇-万体馆-美晶佳园,121.444773,31.182676,4号线,0.3457
整租·名仕苑 1室1厅 南,13000,78.93㎡,徐汇-徐家汇-名仕苑,121.434811,31.196244,11号线,0.189
整租·梅陇三村 2室1厅 南,4590,56.29㎡,徐汇-华东理工-梅陇三村,121.417497,31.135958,1号线,0.7655
整租·肇嘉浜路853弄 2室1厅 南,5900,47.13㎡,徐汇-徐家汇-肇嘉浜路853弄,121.446394,31.197362,9号线,0.4304
整租·盛华景苑 1室1厅 南,4800,63.00㎡,徐汇-华泾-盛华景苑,121.455236,31.108796,市域机场线,1.0483
整租·梅陇三村 2室1厅 南,5090,56.21㎡,徐汇-华东理工-梅陇三村,121.417497,31.135958,1号线,0.7655
整租·康健路25弄 1室1厅 南,4660,36.96㎡,徐汇-康健-康健路25弄,121.432453,31.166874,12号线,0.1757
整租·梅陇六村 3室1厅 南/北,6500,63.08㎡,徐汇-华东理工-梅陇六村,121.419992,31.133501,1号线,1.1174
整租·康健路120弄 1室1厅 南,4530,36.54㎡,徐汇-康健-康健路120弄,121.426599,31.16537,15号线,0.6865
整租·华欣家园 3室1厅 南,7000,88.93㎡,徐汇-华泾-华欣家园,121.460936,31.11959,市域机场线,1.9205
整租·康乐小区(徐汇) 2室1厅 南,4930,45.55㎡,徐汇-康健-康乐小区(徐汇),121.421809,31.157401,1号线,0.8449
整租·康乐小区(徐汇) 1室1厅 南,4930,38.57㎡,徐汇-康健-康乐小区(徐汇),121.421809,31.157401,1号线,0.8449
整租·桃源村 1室2厅 南,13500,35.30㎡,徐汇-衡山路-桃源村,121.456083,31.211739,12号线,0.4549
整租·西木小区 2室1厅 南,6500,49.12㎡,徐汇-斜土路-西木小区,121.458695,31.194521,12号线,0.4398
整租·上飞新村 2室1厅 南,8500,69.73㎡,徐汇-徐汇滨江-上飞新村,121.458177,31.172953,12号线,0.4984
整租·康乐小区(徐汇) 2室1厅 南,5587,52.53㎡,徐汇-康健-康乐小区(徐汇),121.421809,31.157401,1号线,0.8449
整租·紫阳花苑 2室1厅 南,4600,55.29㎡,徐汇-华泾-紫阳花苑,121.452787,31.113285,市域机场线,0.8953
整租·紫阳花苑 2室1厅 南/北,4980,55.36㎡,徐汇-华泾-紫阳花苑,121.452787,31.113285,市域机场线,0.8953
整租·康健路3号 1室1厅 南,4685,35.47㎡,徐汇-康健-康健路3号,121.433541,31.165618,12号线,0.3046
整租·尚海湾豪庭一期 1室2厅 南,12600,65.24㎡,徐汇-徐汇滨江-尚海湾豪庭一期,121.460283,31.179931,12号线,0.5807
整租·汇成五村 1室1厅 南,4300,41.10㎡,徐汇-上海南站-汇成五村,121.430041,31.154579,1号线,0.0
整租·凯旋豪庭 2室2厅 南,14000,155.91㎡,徐汇-徐家汇-凯旋豪庭,121.431643,31.183494,4号线,0.5545
整租·罗秀三村 2室0厅 南,4500,49.19㎡,徐汇-植物园-罗秀三村,121.445954,31.134664,15号线,1.0274
整租·福华花苑 3室2厅 南/西,15000,134.50㎡,徐汇-斜土路-福华花苑,121.4655,31.200996,9号线,0.4997
整租·乐山一村 1室0厅 南,5500,34.35㎡,徐汇-徐家汇-乐山一村,121.42934,31.198091,11号线,0.7255
整租·金谷园 2室1厅 南,6360,51.88㎡,徐汇-万体馆-金谷园,121.437093,31.176243,3号线,0.1374
整租·康健路25弄 1室1厅 南,4660,36.96㎡,徐汇-康健-康健路25弄,121.432453,31.166874,12号线,0.1757
整租·乐山大楼 2室1厅 南,8500,63.92㎡,徐汇-徐家汇-乐山大楼,121.433254,31.196002,11号线,0.3237
整租·康健路3号 1室1厅 南,4685,35.47㎡,徐汇-康健-康健路3号,121.433541,31.165618,12号线,0.3046
整租·东方时空公寓 1室1厅 南,6000,45.00㎡,徐汇-徐家汇-东方时空公寓,121.427716,31.192807,4号线,0.677
整租·周家湾小区 1室1厅 南,5000,43.92㎡,徐汇-龙华-周家湾小区,121.450815,31.171156,12号线,0.2645
整租·金龙花苑玫瑰园 1室1厅 南,6300,34.03㎡,徐汇-龙华-金龙花苑玫瑰园,121.455877,31.168481,11号线,0.335
整租·中煌大厦 1室1厅 东,5300,55.00㎡,徐汇-龙华-中煌大厦,121.445898,31.180772,11号线,0.464
整租·龙华门区 3室1厅 南,8500,83.59㎡,徐汇-龙华-龙华门区,121.441934,31.168516,3号线,0.2557
整租·御江廷 2室2厅 南,18000,100.00㎡,徐汇-徐汇滨江-御江廷,121.468942,31.192413,12号线,0.5697
整租·嘉汇广场 3室2厅 南,16800,146.14㎡,徐汇-徐家汇-嘉汇广场,121.443208,31.188127,4号线,0.2813
整租·阳光新景 2室2厅 南,12000,111.82㎡,徐汇-华东理工-阳光新景,121.425989,31.136334,15号线,0.9238
整租·嘉汇国际广场 1室1厅 西北,8000,93.61㎡,徐汇-徐家汇-嘉汇国际广场,121.442908,31.188412,4号线,0.3168
整租·凌云新村 1室1厅 南,3900,40.50㎡,徐汇-华东理工-凌云新村,121.417106,31.140692,1号线,0.3322
整租·华悦家园 2室2厅 南,10500,88.00㎡,徐汇-漕河泾-华悦家园,121.409543,31.165659,12号线,0.2044
整租·桂莘小区 1室1厅 南,5590,43.08㎡,徐汇-康健-桂莘小区,121.407602,31.16003,12号线,0.5254
整租·华东花苑 1室1厅 南,4500,52.00㎡,徐汇-上海南站-华东花苑,121.43489,31.148816,15号线,0.7562
整租·花苑村丁香园 2室1厅 南,6030,56.75㎡,徐汇-康健-花苑村丁香园,121.415381,31.145819,1号线,0.4174
整租·华沁家园 2室2厅 南/北,7800,89.88㎡,徐汇-植物园-华沁家园,121.450626,31.136849,15号线,1.5303
整租·尚海湾豪庭三期 2室2厅 南,24800,118.72㎡,徐汇-徐汇滨江-尚海湾豪庭三期,121.460283,31.179931,12号线,0.5807
整租·金谷园 1室1厅 南,6500,55.73㎡,徐汇-万体馆-金谷园,121.437093,31.176243,3号线,0.1374
整租·申峰大厦 1室1厅 南,7000,68.40㎡,徐汇-徐家汇-申峰大厦,121.441847,31.187118,4号线,0.232
整租·申航小区 2室1厅 南,5900,46.93㎡,徐汇-龙华-申航小区,121.442469,31.177791,11号线,0.1781
整租·尊园 2室1厅 南,15000,115.00㎡,徐汇-徐家汇-尊园,121.43982,31.191272,11号线,0.5614
整租·乐山一村 1室1厅 南,5000,41.57㎡,徐汇-徐家汇-乐山一村,121.42934,31.198091,11号线,0.7255
整租·冠生苑 1室1厅 南,4800,45.56㎡,徐汇-康健-冠生苑,121.426404,31.161782,15号线,0.8646
整租·尚海湾豪庭一期 2室2厅 南,19500,134.22㎡,徐汇-徐汇滨江-尚海湾豪庭一期,121.460283,31.179931,12号线,0.5807
整租·馨宁公寓 2室1厅 南/北,5800,61.71㎡,徐汇-华泾-馨宁公寓,121.447726,31.128049,15号线,1.0306
整租·梓树园 3室0厅 南,9500,110.05㎡,徐汇-康健-梓树园,121.430387,31.162632,12号线,0.6856
整租·泰东新村(徐汇) 3室2厅 东,9000,70.36㎡,徐汇-徐家汇-泰东新村(徐汇),121.441061,31.187681,4号线,0.3291
整租·汇成一村 1室1厅 南,3700,33.50㎡,徐汇-上海南站-汇成一村,121.43458,31.146486,15号线,0.5875
整租·宛南四村 2室1厅 南/北,6500,47.82㎡,徐汇-龙华-宛南四村,121.450444,31.18158,12号线,0.7031
整租·龙安小区 3室1厅 南,9300,57.27㎡,徐汇-龙华-龙安小区,121.455132,31.184864,12号线,0.1918
整租·淮海大楼 1室1厅 南,8400,64.55㎡,徐汇-衡山路-淮海大楼,121.44994,31.213055,7号线,0.0922
整租·乌鲁木齐中路304号 1室0厅 南,5500,22.20㎡,徐汇-衡山路-乌鲁木齐中路304号,121.446276,31.211617,7号线,0.3453
整租·尚海湾豪庭三期 1室1厅 南,12500,65.92㎡,徐汇-徐汇滨江-尚海湾豪庭三期,121.460283,31.179931,12号线,0.5807
整租·花苑村丁香园 2室1厅 南,7000,73.20㎡,徐汇-康健-花苑村丁香园,121.415381,31.145819,1号线,0.4174
整租·龙华花园 5室3厅 南,43000,158.00㎡,徐汇-植物园-龙华花园,121.448988,31.155099,3号线,0.6354
整租·高安路9弄 1室1厅 南,6500,37.74㎡,徐汇-衡山路-高安路9弄,121.445478,31.206315,10号线,0.2111
整租·上影广场(徐汇) 3室2厅 南,18000,160.86㎡,徐汇-徐家汇-上影广场(徐汇),121.439358,31.184426,1号线,0.2569
整租·龙南五村 2室1厅 南,6200,70.24㎡,徐汇-龙华-龙南五村,121.436307,31.188334,1号线,0.6212
整租·漕溪二村 2室1厅 南,6200,50.38㎡,徐汇-万体馆-漕溪二村,121.439107,31.172001,3号线,0.5302
整租·徐汇商务大厦 1室1厅 西北,5250,46.00㎡,徐汇-徐家汇-徐汇商务大厦,121.432615,31.185389,4号线,0.5372
整租·梅陇五村 2室1厅 南/北,4500,53.94㎡,徐汇-华东理工-梅陇五村,121.42073,31.135743,1号线,0.956
整租·华富小区 2室1厅 南,6900,64.19㎡,徐汇-万体馆-华富小区,121.441241,31.175786,3号线,0.2901
整租·长顺坊 2室1厅 南,6000,64.00㎡,徐汇-康健-长顺坊,121.419056,31.155597,1号线,1.0533
整租·儿科大楼 3室2厅 南,14500,102.31㎡,徐汇-斜土路-儿科大楼,121.457345,31.198248,9号线,0.5995
整租·龙南五村 2室1厅 南,6200,71.05㎡,徐汇-龙华-龙南五村,121.436307,31.188334,1号线,0.6212
整租·滨江小区 1室1厅 南/北,6000,60.52㎡,徐汇-徐汇滨江-滨江小区,121.457044,31.152442,11号线,0.8457
整租·桂平路277弄 1室1厅 南,6359,50.35㎡,徐汇-康健-桂平路277弄,121.407168,31.158499,12号线,0.6932
整租·建国西路695弄 1室1厅 南,6200,37.35㎡,徐汇-衡山路-建国西路695弄,121.443744,31.200001,1号线,0.5631
整租·清枫大楼 2室1厅 南,10000,73.19㎡,徐汇-斜土路-清枫大楼,121.456379,31.198884,9号线,0.5908
整租·科投大厦 4室1厅 南,20000,211.96㎡,徐汇-建国西路-科投大厦,121.458841,31.204944,9号线,0.2949
整租·番禺大楼 2室1厅 南,10000,88.20㎡,徐汇-徐家汇-番禺大楼,121.427961,31.195833,4号线,0.7064
整租·长春小区 1室1厅 南,6000,47.74㎡,徐汇-田林-长春小区,121.421132,31.18387,4号线,0.6583
整租·梅陇九村 1室1厅 南,4100,45.21㎡,徐汇-华东理工-梅陇九村,121.422109,31.129608,15号线,1.3238
整租·怡桂苑 1室1厅 西南,6800,61.21㎡,徐汇-田林-怡桂苑,121.416183,31.176131,15号线,0.2328
整租·华欣家园 2室1厅 南/北,5300,62.00㎡,徐汇-华泾-华欣家园,121.460936,31.11959,市域机场线,1.9205
整租·徐家汇花园 2室2厅 南,14500,126.83㎡,徐汇-徐家汇-徐家汇花园,121.447207,31.193531,9号线,0.7145
整租·漕溪四村 1室1厅 南,5500,42.60㎡,徐汇-万体馆-漕溪四村,121.439813,31.171379,3号线,0.4849
整租·龙兆苑 3室2厅 南/北,15000,157.18㎡,徐汇-龙华-龙兆苑,121.447298,31.17109,3号线,0.3316
整租·东方时空公寓 1室1厅 南,6000,45.14㎡,徐汇-徐家汇-东方时空公寓,121.427716,31.192807,4号线,0.677
整租·华泾四村 2室1厅 南,4500,66.53㎡,徐汇-华泾-华泾四村,121.447861,31.120194,15号线,1.0512
整租·南丹路128弄 2室1厅 南,7800,73.17㎡,徐汇-徐家汇-南丹路128弄,121.432587,31.189083,4号线,0.577
整租·南丹小区 1室1厅 南,5300,45.46㎡,徐汇-徐家汇-南丹小区,121.430324,31.191219,4号线,0.5814
整租·漕溪一村 1室1厅 南/北,5500,36.72㎡,徐汇-万体馆-漕溪一村,121.436611,31.172787,3号线,0.4712
整租·尚光徐汇中心 2室1厅 复式 东南,12500,66.17㎡,徐汇-徐家汇-尚光徐汇中心,121.430238,31.186596,4号线,0.2904
整租·尊园 2室2厅 南,20000,100.93㎡,徐汇-徐家汇-尊园,121.43982,31.191272,11号线,0.5614
整租·尚汇豪庭 2室2厅 南,17500,95.65㎡,徐汇-田林-尚汇豪庭,121.429661,31.179437,1号线,0.8291
整租·康佳苑 2室2厅 南,7000,76.20㎡,徐汇-上海南站-康佳苑,121.432005,31.148515,15号线,0.5527
整租·颐峰苑 2室1厅 南,14500,94.12㎡,徐汇-徐家汇-颐峰苑,121.431501,31.188689,4号线,0.4651
整租·梅陇十村 2室1厅 南,4100,50.00㎡,徐汇-华东理工-梅陇十村,121.423617,31.130903,15号线,1.1646
整租·龙南七村 2室1厅 南,6600,62.00㎡,徐汇-龙华-龙南七村,121.436307,31.188334,1号线,0.6212
整租·平江路145弄 2室1厅 南,6800,61.13㎡,徐汇-斜土路-平江路145弄,121.454386,31.199091,9号线,0.3996
整租·永新花苑 3室2厅 南,25800,173.77㎡,徐汇-徐家汇-永新花苑,121.443234,31.193625,11号线,0.6657
整租·汇成一村 1室0厅 南,4300,33.50㎡,徐汇-上海南站-汇成一村,121.43458,31.146486,15号线,0.5875
整租·金塘小区 1室1厅 南,4100,49.69㎡,徐汇-上海南站-金塘小区,121.426505,31.148375,15号线,0.5143
整租·铁路职工小区 1室1厅 南,6300,40.21㎡,徐汇-徐家汇-铁路职工小区,121.424691,31.191181,4号线,0.5494
整租·冠生苑 2室1厅 南,6800,63.14㎡,徐汇-康健-冠生苑,121.426404,31.161782,15号线,0.8646
整租·康健路120弄 1室1厅 南,4200,43.90㎡,徐汇-康健-康健路120弄,121.426599,31.16537,15号线,0.6865
整租·乐山六七村 1室1厅 南,5800,38.34㎡,徐汇-徐家汇-乐山六七村,121.430377,31.195671,11号线,0.5936
整租·大木桥路325号 1室1厅 南,5000,35.23㎡,徐汇-斜土路-大木桥路325号,121.462425,31.196862,12号线,0.3214
整租·创世纪花园 1室0厅 南,4200,20.41㎡,徐汇-徐家汇-创世纪花园,121.439891,31.185288,4号线,0.3485
整租·月季园(徐汇) 3室0厅 南,7500,85.80㎡,徐汇-康健-月季园(徐汇),121.410929,31.149031,1号线,0.8139
整租·凯旋一村 2室1厅 南,6000,61.11㎡,徐汇-徐家汇-凯旋一村,121.423993,31.19315,4号线,0.5718
整租·中科小区(徐汇) 1室0厅 南,4050,16.50㎡,徐汇-徐家汇-中科小区(徐汇),121.444564,31.194309,11号线,0.7703
整租·泰德花苑 2室1厅 南,13000,110.88㎡,徐汇-徐家汇-泰德花苑,121.432856,31.18454,1号线,0.4755
整租·桂林苑 2室2厅 南,8500,87.00㎡,徐汇-漕河泾-桂林苑,121.413075,31.180682,15号线,0.4137
整租·科汇公寓 1室1厅 南,6500,48.18㎡,徐汇-徐家汇-科汇公寓,121.437951,31.193218,11号线,0.2851
整租·金祥苑 1室1厅 南,7500,57.87㎡,徐汇-田林-金祥苑,121.41881,31.179589,15号线,0.5366
整租·华泾绿苑 2室2厅 南/北,6800,87.00㎡,徐汇-华泾-华泾绿苑,121.457976,31.113578,市域机场线,1.3685
整租·汇成四村 1室1厅 南,4500,39.40㎡,徐汇-上海南站-汇成四村,121.435493,31.144711,15号线,0.6221
整租·徐虹大楼 2室2厅 东/南,13800,96.87㎡,徐汇-徐家汇-徐虹大楼,121.42475,31.187033,4号线,0.2355
整租·海珀旭晖酒店式公寓 1室1厅 南,13000,67.76㎡,徐汇-徐汇滨江-海珀旭晖酒店式公寓,121.458428,31.182624,12号线,0.234
整租·康乐小区(徐汇) 1室1厅 南,4345,38.06㎡,徐汇-康健-康乐小区(徐汇),121.421809,31.157401,1号线,0.8449
整租·吴东小区 3室1厅 南/北,10500,81.00㎡,徐汇-徐家汇-吴东小区,121.422474,31.191462,4号线,0.6904
整租·长青坊 1室0厅 南,3500,30.82㎡,徐汇-康健-长青坊,121.417606,31.154362,1号线,1.1858
整租·天悦 2室1厅 南/北,12000,77.30㎡,徐汇-康健-天悦,121.421101,31.155372,1号线,0.8568
整租·天钥新村 2室1厅 南,7300,51.85㎡,徐汇-万体馆-天钥新村,121.44698,31.184669,4号线,0.3449
整租·科苑新村 2室1厅 南/北,6800,74.15㎡,徐汇-康健-科苑新村,121.432876,31.163795,12号线,0.5049
整租·花苑村丁香园 2室1厅 南,7500,65.93㎡,徐汇-康健-花苑村丁香园,121.415381,31.145819,1号线,0.4174
整租·东安五村 1室1厅 南,5600,34.00㎡,徐汇-龙华-东安五村,121.452592,31.184251,12号线,0.4265
整租·钦州大厦 3室0厅 东,8600,77.91㎡,徐汇-康健-钦州大厦,121.431414,31.161489,1号线,0.7771
整租·长桥一村 2室1厅 南,5800,51.68㎡,徐汇-长桥-长桥一村,121.437716,31.136658,15号线,0.5946
整租·花苑村玉兰园 1室1厅 南,3900,46.42㎡,徐汇-康健-花苑村玉兰园,121.413372,31.144038,1号线,0.2137
整租·庆余公寓 2室1厅 南,13000,99.58㎡,徐汇-徐家汇-庆余公寓,121.4283,31.189554,4号线,0.3317
整租·海波花苑 2室1厅 南,7300,78.83㎡,徐汇-龙华-海波花苑,121.450055,31.170088,12号线,0.3983
整租·汇金广场 3室2厅 南,21900,167.95㎡,徐汇-徐家汇-汇金广场,121.440415,31.195237,11号线,0.3646
整租·馨宁公寓 2室1厅 南,5000,62.40㎡,徐汇-华泾-馨宁公寓,121.447726,31.128049,15号线,1.0306
整租·罗秀新村 1室1厅 南,4000,46.00㎡,徐汇-长桥-罗秀新村,121.447743,31.132315,15号线,1.1415
整租·青之杰花园 3室2厅 南/北,20000,168.69㎡,徐汇-徐家汇-青之杰花园,121.431634,31.19109,4号线,0.6435
整租·尚海湾豪庭一期 4室2厅 东南,37800,199.00㎡,徐汇-徐汇滨江-尚海湾豪庭一期,121.460283,31.179931,12号线,0.5807
整租·楼园小区 2室1厅 南,6780,78.43㎡,徐汇-上海南站-楼园小区,121.431272,31.145279,15号线,0.2453
整租·田林十一村 2室1厅 南/北,5000,51.86㎡,徐汇-田林-田林十一村,121.425926,31.171407,12号线,0.7672
整租·田林十一村 2室1厅 南,5800,48.00㎡,徐汇-田林-田林十一村,121.425926,31.171407,12号线,0.7672
整租·延庆路96弄 1室1厅 西北/北,5700,20.00㎡,徐汇-衡山路-延庆路96弄,121.450826,31.215372,7号线,0.2603
整租·东泉小区 1室1厅 南,4800,48.00㎡,徐汇-植物园-东泉小区,121.443792,31.156163,3号线,0.2057
整租·冠生园路247号—253号 2室1厅 南,5800,62.09㎡,徐汇-康健-冠生园路247号—253号,121.426053,31.163079,15号线,0.7486
整租·华强公寓 1室1厅 南,8800,65.90㎡,徐汇-衡山路-华强公寓,121.445913,31.203139,1号线,0.1615
整租·岳阳路77弄 2室0厅 南,7300,48.61㎡,徐汇-建国西路-岳阳路77弄,121.453916,31.207645,1号线,0.7931
整租·乌中小区 2室1厅 南,12500,79.53㎡,徐汇-衡山路-乌中小区,121.446605,31.21193,7号线,0.2993
整租·兴国路229弄 1室0厅 南,6200,35.08㎡,徐汇-衡山路-兴国路229弄,121.437319,31.20593,11号线,0.4567
整租·申航小区 1室0厅 南,4300,30.88㎡,徐汇-龙华-申航小区,121.442469,31.177791,11号线,0.1781
整租·梅陇四村 1室1厅 南,4500,45.49㎡,徐汇-华东理工-梅陇四村,121.421073,31.137521,1号线,0.8439
整租·尚海湾豪庭一期 1室2厅 南,12500,67.10㎡,徐汇-徐汇滨江-尚海湾豪庭一期,121.460283,31.179931,12号线,0.5807
整租·东方曼哈顿 2室2厅 东南,13500,83.84㎡,徐汇-徐家汇-东方曼哈顿,121.433831,31.191094,11号线,0.5567
整租·泰东新村(徐汇) 2室1厅 南,6500,47.23㎡,徐汇-徐家汇-泰东新村(徐汇),121.441061,31.187681,4号线,0.3291
整租·狮城花苑 1室1厅 南,5300,41.34㎡,徐汇-龙华-狮城花苑,121.446967,31.165539,3号线,0.4994
整租·茶陵小区 2室1厅 南,5800,57.77㎡,徐汇-斜土路-茶陵小区,121.468195,31.195896,12号线,0.511
整租·龙州小区 2室1厅 南,4000,45.28㎡,徐汇-华东理工-龙州小区,121.426547,31.129544,15号线,0.9106
整租·金牛苑 1室1厅 南,3700,34.04㎡,徐汇-上海南站-金牛苑,121.43475,31.152094,1号线,0.5267
整租·盛华景苑 3室1厅 南,7600,127.00㎡,徐汇-华泾-盛华景苑,121.455236,31.108796,市域机场线,1.0483
整租·汇景苑 1室1厅 南,12500,70.12㎡,徐汇-建国西路-汇景苑,121.461386,31.204557,9号线,0.2032
整租·田林十四村 1室1厅 南,5800,48.46㎡,徐汇-田林-田林十四村,121.423526,31.175538,15号线,0.5272
整租·馨宁公寓 2室1厅 南,5500,62.44㎡,徐汇-华泾-馨宁公寓,121.447726,31.128049,15号线,1.0306
整租·中海瀛台 4室2厅 东/西,16800,145.11㎡,徐汇-华泾-中海瀛台,121.453503,31.140154,15号线,1.9383
整租·金桂苑(徐汇) 2室2厅 南,8800,99.46㎡,徐汇-康健-金桂苑(徐汇),121.413697,31.162493,12号线,0.3449
整租·协昌小区 1室1厅 南,6000,54.78㎡,徐汇-龙华-协昌小区,121.444304,31.179398,11号线,0.2762
整租·华欣家园 2室1厅 南,5000,61.00㎡,徐汇-华泾-华欣家园,121.460936,31.11959,市域机场线,1.9205
整租·天平路91弄 3室2厅 南,21000,120.00㎡,徐汇-徐家汇-天平路91弄,121.43824,31.201311,11号线,0.3017
整租·汇成一村 1室1厅 南,3500,36.20㎡,徐汇-上海南站-汇成一村,121.43458,31.146486,15号线,0.5875
整租·中煌大厦 1室1厅 南,5000,54.00㎡,徐汇-龙华-中煌大厦,121.445898,31.180772,11号线,0.464
整租·香港置地启元 4室2厅 南,105000,277.68㎡,徐汇-徐汇滨江-香港置地启元,121.468698,31.189257,12号线,0.7416
整租·梅陇十一村 3室1厅 南,4500,50.65㎡,徐汇-华东理工-梅陇十一村,121.427022,31.131789,15号线,0.8381
整租·冶金小区(徐汇) 1室1厅 西南,6800,51.57㎡,徐汇-田林-冶金小区(徐汇),121.418968,31.168538,15号线,0.1839
整租·汇成一村 2室1厅 南,5500,63.10㎡,徐汇-上海南站-汇成一村,121.43458,31.146486,15号线,0.5875
整租·华欣家园 2室1厅 南/北,5000,62.00㎡,徐汇-华泾-华欣家园,121.460936,31.11959,市域机场线,1.9205
整租·中海瀛台 5室2厅 南/北,23000,166.00㎡,徐汇-华泾-中海瀛台,121.453503,31.140154,15号线,1.9383
整租·睿园 3室2厅 东/东北,19800,131.00㎡,徐汇-衡山路-睿园,121.449501,31.2016,9号线,0.2493
整租·龙南三四村 2室1厅 南,7800,71.05㎡,徐汇-龙华-龙南三四村,121.436307,31.188334,1号线,0.6212
整租·长海坊 3室1厅 南,7800,84.32㎡,徐汇-康健-长海坊,121.419223,31.156497,1号线,1.053
整租·南山大楼 2室2厅 南,7800,97.65㎡,徐汇-徐家汇-南山大楼,121.430833,31.189499,4号线,0.4641
整租·丰三小区 2室1厅 南,6500,54.17㎡,徐汇-龙华-丰三小区,121.454454,31.166904,11号线,0.3902
整租·宛南六村 1室1厅 南,4099,31.12㎡,徐汇-龙华-宛南六村,121.445104,31.179525,11号线,0.3536
整租·迎春园 3室1厅 南,10500,123.64㎡,徐汇-康健-迎春园,121.417629,31.147241,1号线,0.6504
整租·襄阳南路357弄 2室0厅 南,8900,40.00㎡,徐汇-建国西路-襄阳南路357弄,121.458065,31.207809,9号线,0.6076
整租·公安大楼(徐汇) 2室0厅 南/西/北,9998,60.52㎡,徐汇-衡山路-公安大楼(徐汇),121.445083,31.199055,9号线,0.4906
整租·鼎新大楼(公寓) 3室2厅 南,22000,157.75㎡,徐汇-建国西路-鼎新大楼(公寓),121.460545,31.203197,9号线,0.0445
整租·华东花苑 1室1厅 南,4500,52.00㎡,徐汇-上海南站-华东花苑,121.43489,31.148816,15号线,0.7562
整租·御江廷 2室2厅 南,18000,100.00㎡,徐汇-徐汇滨江-御江廷,121.468942,31.192413,12号线,0.5697
整租·花苑村丁香园 2室1厅 南,5200,56.75㎡,徐汇-康健-花苑村丁香园,121.415381,31.145819,1号线,0.4174
整租·金谷园 1室1厅 南,6500,55.73㎡,徐汇-万体馆-金谷园,121.437093,31.176243,3号线,0.1374
整租·嘉汇国际广场 1室1厅 西北,8000,93.61㎡,徐汇-徐家汇-嘉汇国际广场,121.442908,31.188412,4号线,0.3168
整租·华悦家园 2室2厅 南,10500,88.00㎡,徐汇-漕河泾-华悦家园,121.409543,31.165659,12号线,0.2044
整租·冠生苑 1室1厅 南,4800,45.56㎡,徐汇-康健-冠生苑,121.426404,31.161782,15号线,0.8646
整租·东安三村 2室1厅 南,7200,47.12㎡,徐汇-徐家汇-东安三村,121.452749,31.190417,4号线,0.2095
整租·斜土路1358弄 1室1厅 南,5600,34.14㎡,徐汇-斜土路-斜土路1358弄,121.46262,31.197792,12号线,0.4188
整租·长桥一村 1室1厅 南,3600,35.20㎡,徐汇-长桥-长桥一村,121.437716,31.136658,15号线,0.5946
整租·尚海湾豪庭三期 2室2厅 南,24800,118.72㎡,徐汇-徐汇滨江-尚海湾豪庭三期,121.460283,31.179931,12号线,0.5807
整租·申峰大厦 1室1厅 南,7000,68.40㎡,徐汇-徐家汇-申峰大厦,121.441847,31.187118,4号线,0.232
整租·嘉汇广场 3室2厅 南,16800,146.14㎡,徐汇-徐家汇-嘉汇广场,121.443208,31.188127,4号线,0.2813
整租·阳光新景 2室2厅 南,12000,111.82㎡,徐汇-华东理工-阳光新景,121.425989,31.136334,15号线,0.9238
整租·东安二村 1室1厅 南,4800,34.84㎡,徐汇-徐家汇-东安二村,121.45415,31.186768,12号线,0.3838
整租·徐汇御苑 3室2厅 南,17800,155.91㎡,徐汇-徐家汇-徐汇御苑,121.454748,31.192556,4号线,0.1931
整租·世家小区 2室1厅 南,9200,44.77㎡,徐汇-建国西路-世家小区,121.460852,31.208686,9号线,0.6504
整租·尚海湾豪庭一期 3室2厅 南,25000,175.42㎡,徐汇-徐汇滨江-尚海湾豪庭一期,121.460283,31.179931,12号线,0.5807
整租·华沁家园 1室1厅 南,5100,55.57㎡,徐汇-植物园-华沁家园,121.450626,31.136849,15号线,1.5303
整租·华理苑 2室2厅 南,7000,91.02㎡,徐汇-华东理工-华理苑,121.420807,31.143834,1号线,0.6635
整租·寿昌坊 1室1厅 南,4000,59.45㎡,徐汇-康健-寿昌坊,121.420029,31.150993,1号线,1.034
整租·中海瀛台 2室2厅 东南/南/西南,11000,88.51㎡,徐汇-华泾-中海瀛台,121.453503,31.140154,15号线,1.9383
整租·梅陇十一村 1室1厅 南,3700,40.61㎡,徐汇-华东理工-梅陇十一村,121.427022,31.131789,15号线,0.8381
整租·阳光绿园 3室2厅 南,12800,129.89㎡,徐汇-华东理工-阳光绿园,121.427662,31.136961,15号线,0.8187
整租·玉兰花苑 2室1厅 南,8600,77.79㎡,徐汇-徐家汇-玉兰花苑,121.435064,31.18611,1号线,0.4291
整租·莱诗邸 1室2厅 南,8200,79.30㎡,徐汇-徐家汇-莱诗邸,121.440094,31.190159,4号线,0.6017
整租·长丰坊 1室1厅 南,4600,46.08㎡,徐汇-康健-长丰坊,121.415655,31.1538,12号线,1.2343
整租·康佳苑 2室1厅 南,6500,76.20㎡,徐汇-上海南站-康佳苑,121.432005,31.148515,15号线,0.5527
整租·中海瀛台 4室2厅 南,19000,155.96㎡,徐汇-华泾-中海瀛台,121.453503,31.140154,15号线,1.9383
整租·寿祥坊 2室1厅 南,5900,77.70㎡,徐汇-康健-寿祥坊,121.419231,31.151108,1号线,1.1001
整租·印象欧洲(公寓) 2室2厅 南,8500,88.70㎡,徐汇-华泾-印象欧洲(公寓),121.458675,31.1175,市域机场线,1.6133
整租·樟树苑 2室1厅 南/北,7700,97.01㎡,徐汇-徐汇滨江-樟树苑,121.451166,31.14856,3号线,1.2882
整租·天钥新村 1室1厅 南,4300,41.44㎡,徐汇-万体馆-天钥新村,121.44698,31.184669,4号线,0.3449
整租·漕溪大楼 3室1厅 南,10500,85.00㎡,徐汇-徐家汇-漕溪大楼,121.436002,31.184092,1号线,0.1961
整租·紫阳花苑 1室1厅 南,3200,43.90㎡,徐汇-华泾-紫阳花苑,121.452787,31.113285,市域机场线,0.8953
整租·宛平88(公寓) 1室1厅 南,18500,99.42㎡,徐汇-徐家汇-宛平88(公寓),121.437951,31.193218,11号线,0.2851
整租·尚汇豪庭三期 3室2厅 南/北,23000,116.56㎡,徐汇-田林-尚汇豪庭三期,121.429661,31.179437,1号线,0.8291
整租·东方曼哈顿(尚东区) 3室2厅 南,31800,162.06㎡,徐汇-徐家汇-东方曼哈顿(尚东区),121.433831,31.191094,11号线,0.5567
整租·永嘉路750号 3室1厅 南/北,48000,308.00㎡,徐汇-衡山路-永嘉路750号,121.446862,31.204064,1号线,0.0662
整租·月季园(徐汇) 2室1厅 南,7000,65.25㎡,徐汇-康健-月季园(徐汇),121.410929,31.149031,1号线,0.8139
整租·福苑小区 1室1厅 南,5600,50.35㎡,徐汇-田林-福苑小区,121.425654,31.176266,15号线,0.7417
整租·樱花园(徐汇) 2室1厅 南/北,5900,55.84㎡,徐汇-康健-樱花园(徐汇),121.421101,31.155372,1号线,0.8568
整租·谨斜小区 1室0厅 南,5500,33.31㎡,徐汇-徐家汇-谨斜小区,121.448534,31.193321,4号线,0.6668
整租·长乐路637弄 1室1厅 南,7700,21.20㎡,徐汇-衡山路-长乐路637弄,121.454325,31.218871,12号线,0.5894
整租·海上名邸 3室2厅 南/北,18000,140.48㎡,徐汇-康健-海上名邸,121.423879,31.155435,1号线,0.5951
整租·三江小区 1室1厅 南,4400,32.49㎡,徐汇-龙华-三江小区,121.440003,31.164717,3号线,0.6712
整租·华悦家园 1室1厅 南,8400,58.00㎡,徐汇-漕河泾-华悦家园,121.409543,31.165659,12号线,0.2044
整租·莱诗邸 2室1厅 南,18000,102.28㎡,徐汇-徐家汇-莱诗邸,121.440094,31.190159,4号线,0.6017
整租·上影公寓 1室0厅 南,6500,37.51㎡,徐汇-徐家汇-上影公寓,121.441259,31.184547,4号线,0.2461
整租·舒乐公寓 2室1厅 南,6000,86.21㎡,徐汇-华东理工-舒乐公寓,121.434999,31.131477,15号线,0.0774
整租·宛南三村 2室1厅 南/北,5800,46.31㎡,徐汇-龙华-宛南三村,121.451043,31.182819,12号线,0.5993
整租·长丰坊 1室1厅 南,5200,32.73㎡,徐汇-康健-长丰坊,121.415655,31.1538,12号线,1.2343
整租·永新城 1室2厅 南,16000,79.48㎡,徐汇-徐家汇-永新城,121.437951,31.193218,11号线,0.2851
整租·徐汇商务大厦 1室0厅 南,6000,46.46㎡,徐汇-徐家汇-徐汇商务大厦,121.432615,31.185389,4号线,0.5372
整租·百第宜山大楼 1室0厅 南,3700,32.33㎡,徐汇-田林-百第宜山大楼,121.425793,31.182676,4号线,0.4675
整租·莱诗邸 2室2厅 南,16500,107.00㎡,徐汇-徐家汇-莱诗邸,121.440094,31.190159,4号线,0.6017
整租·三江小区 1室1厅 南,3900,47.38㎡,徐汇-龙华-三江小区,121.440003,31.164717,3号线,0.6712
整租·华东花苑 2室1厅 南,8800,82.03㎡,徐汇-上海南站-华东花苑,121.43489,31.148816,15号线,0.7562
整租·高安路9弄 1室1厅 南,7250,43.00㎡,徐汇-衡山路-高安路9弄,121.445478,31.206315,10号线,0.2111
整租·华泾绿苑 1室1厅 东南,5300,63.38㎡,徐汇-华泾-华泾绿苑,121.457976,31.113578,市域机场线,1.3685
整租·龙山新村 1室1厅 南,3800,20.08㎡,徐汇-万体馆-龙山新村,121.444891,31.184374,4号线,0.1883
整租·漕溪二村 1室1厅 南,4999,37.90㎡,徐汇-万体馆-漕溪二村,121.439107,31.172001,3号线,0.5302
整租·科汇公寓 2室2厅 南/西南,8800,80.64㎡,徐汇-徐家汇-科汇公寓,121.437951,31.193218,11号线,0.2851
整租·南丹小区 1室1厅 南,5300,40.10㎡,徐汇-徐家汇-南丹小区,121.430324,31.191219,4号线,0.5814
整租·汇成五村 2室0厅 南,4600,48.70㎡,徐汇-上海南站-汇成五村,121.430041,31.154579,1号线,0.0
整租·文定天下苑 1室1厅 南/北,9800,59.78㎡,徐汇-徐家汇-文定天下苑,121.431206,31.184395,4号线,0.4609
整租·乐山大楼 2室0厅 南,7200,64.74㎡,徐汇-徐家汇-乐山大楼,121.433254,31.196002,11号线,0.3237
整租·徐家汇花园 1室1厅 南,9500,58.95㎡,徐汇-徐家汇-徐家汇花园,121.447207,31.193531,9号线,0.7145
整租·徐汇御景苑 2室1厅 南,10000,98.44㎡,徐汇-龙华-徐汇御景苑,121.447027,31.166414,3号线,0.4212
整租·龙山新村 1室0厅 南,4600,32.11㎡,徐汇-万体馆-龙山新村,121.444891,31.184374,4号线,0.1883
整租·巴黎时韵 1室1厅 南,7650,43.61㎡,徐汇-建国西路-巴黎时韵,121.457919,31.205645,9号线,0.4105
整租·天钥新村 1室1厅 南,4800,48.00㎡,徐汇-万体馆-天钥新村,121.44698,31.184669,4号线,0.3449
整租·中恒苑 2室2厅 南,3500,60.38㎡,徐汇-植物园-中恒苑,121.447925,31.139603,15号线,1.4602
整租·周家湾小区 1室0厅 南,4600,37.58㎡,徐汇-龙华-周家湾小区,121.450815,31.171156,12号线,0.2645
整租·康强坊 1室1厅 南,4800,40.00㎡,徐汇-康健-康强坊,121.424651,31.154284,1号线,0.5149
整租·盛华景苑 1室1厅 南,5300,68.27㎡,徐汇-华泾-盛华景苑,121.455236,31.108796,市域机场线,1.0483
整租·文南公寓 2室1厅 南,8000,67.36㎡,徐汇-徐家汇-文南公寓,121.443633,31.189916,4号线,0.478
整租·盛大花园 3室2厅 南,18000,239.44㎡,徐汇-龙华-盛大花园,121.454377,31.177717,12号线,0.5754
整租·枫林新村 1室1厅 南,6000,38.20㎡,徐汇-斜土路-枫林新村,121.459591,31.191465,4号线,0.453
整租·梅陇七村 2室1厅 南/北,5200,62.10㎡,徐汇-华东理工-梅陇七村,121.422833,31.139244,15号线,0.8084
整租·斜土路2200弄 1室1厅 北,4800,33.17㎡,徐汇-徐家汇-斜土路2200弄,121.449739,31.192165,4号线,0.5137
整租·康乐小区(徐汇) 1室1厅 南,4350,37.10㎡,徐汇-康健-康乐小区(徐汇),121.421809,31.157401,1号线,0.8449
整租·柳州路200号—柳州路210号 3室1厅 南,7600,59.83㎡,徐汇-康健-柳州路200号—柳州路210号,121.425194,31.162578,15号线,0.7199
整租·建西小区 1室0厅 南,5500,25.94㎡,徐汇-建国西路-建西小区,121.455857,31.204832,9号线,0.5129
整租·岳阳路77弄 1室1厅 南,8000,39.22㎡,徐汇-建国西路-岳阳路77弄,121.453916,31.207645,1号线,0.7931
整租·虹二小区 1室0厅 南,4300,19.22㎡,徐汇-徐家汇-虹二小区,121.425538,31.194907,4号线,0.5356
整租·梅陇六村 3室1厅 南,5300,61.68㎡,徐汇-华东理工-梅陇六村,121.419992,31.133501,1号线,1.1174
整租·楼园小区 1室1厅 南,5500,49.14㎡,徐汇-上海南站-楼园小区,121.431272,31.145279,15号线,0.2453
整租·梅陇十一村 1室1厅 南,4000,33.46㎡,徐汇-华东理工-梅陇十一村,121.427022,31.131789,15号线,0.8381
整租·光华园 2室1厅 南,6300,75.43㎡,徐汇-上海南站-光华园,121.432813,31.14037,15号线,0.5644
整租·汇樾庭 2室2厅 南,14500,94.01㎡,徐汇-康健-汇樾庭,121.425158,31.16106,15号线,0.8411
整租·华泾五村 2室1厅 南,5500,66.30㎡,徐汇-华泾-华泾五村,121.445737,31.119864,15号线,0.8911
整租·华滨家园 3室2厅 南,10800,160.21㎡,徐汇-植物园-华滨家园,121.449884,31.139911,15号线,1.6312
整租·蒲汇新苑 3室1厅 南/北,12000,128.24㎡,徐汇-漕河泾-蒲汇新苑,121.4095,31.17975,15号线,0.6601
整租·肇嘉浜路853弄 2室1厅 南,6800,47.13㎡,徐汇-徐家汇-肇嘉浜路853弄,121.446394,31.197362,9号线,0.4304
整租·谨斜小区 1室0厅 南,5600,28.57㎡,徐汇-徐家汇-谨斜小区,121.448534,31.193321,4号线,0.6668
整租·高安路18弄 1室1厅 南,8100,43.40㎡,徐汇-衡山路-高安路18弄,121.444339,31.203969,1号线,0.2081
整租·陇南小区 1室1厅 南,3500,47.73㎡,徐汇-华东理工-陇南小区,121.422549,31.129251,15号线,1.2897
整租·嘉丽苑(徐汇) 2室2厅 南/北,22000,107.00㎡,徐汇-衡山路-嘉丽苑(徐汇),121.45532,31.216364,12号线,0.3527
整租·馨宁公寓 2室1厅 南,5000,62.40㎡,徐汇-华泾-馨宁公寓,121.447726,31.128049,15号线,1.0306
整租·爱乐大厦 2室1厅 西北,8600,79.23㎡,徐汇-徐家汇-爱乐大厦,121.446544,31.187902,4号线,0.3839
整租·乐山一村 1室1厅 南,6200,44.76㎡,徐汇-徐家汇-乐山一村,121.42934,31.198091,11号线,0.7255
整租·馨汇南苑 1室1厅 南,7900,65.75㎡,徐汇-龙华-馨汇南苑,121.44458,31.165857,3号线,0.3996
整租·凌云新村 3室1厅 南,5100,82.91㎡,徐汇-华东理工-凌云新村,121.417106,31.140692,1号线,0.3322
整租·华泾绿苑 2室2厅 南,6390,88.00㎡,徐汇-华泾-华泾绿苑,121.457976,31.113578,市域机场线,1.3685
整租·田林十四村 1室1厅 南,4900,34.35㎡,徐汇-田林-田林十四村,121.423526,31.175538,15号线,0.5272
整租·盛华景苑 2室2厅 南,6500,89.30㎡,徐汇-华泾-盛华景苑,121.455236,31.108796,市域机场线,1.0483
整租·宛南四村 2室1厅 南,6000,48.05㎡,徐汇-龙华-宛南四村,121.450444,31.18158,12号线,0.7031
整租·淮海中路1412弄 1室1厅 南,5900,44.46㎡,徐汇-衡山路-淮海中路1412弄,121.448175,31.211437,7号线,0.249
整租·金衡公寓 2室2厅 南/北,10500,109.98㎡,徐汇-万体馆-金衡公寓,121.436102,31.173919,3号线,0.3829
整租·东方巴黎 3室2厅 北,23000,128.87㎡,徐汇-衡山路-东方巴黎,121.458761,31.21422,12号线,0.1029
整租·龙吴路11弄 2室1厅 南,6500,62.23㎡,徐汇-万体馆-龙吴路11弄,121.443137,31.174354,3号线,0.5228
整租·家乐苑 1室1厅 南,4200,53.50㎡,徐汇-华东理工-家乐苑,121.433179,31.135803,15号线,0.5337
整租·长桥三村 2室1厅 南,5000,48.48㎡,徐汇-长桥-长桥三村,121.442318,31.134563,15号线,0.705
整租·东方曼哈顿 1室2厅 西南,11000,71.68㎡,徐汇-徐家汇-东方曼哈顿,121.433831,31.191094,11号线,0.5567
整租·银星名庭 1室1厅 南,5200,40.86㎡,徐汇-万体馆-银星名庭,121.437294,31.169061,12号线,0.4036
整租·爱棠新邨 1室1厅 南/北,6300,28.00㎡,徐汇-徐家汇-爱棠新邨,121.438684,31.200746,11号线,0.3652
整租·时运大楼 1室1厅 南/北,7500,48.76㎡,徐汇-斜土路-时运大楼,121.464152,31.200394,9号线,0.4246
整租·尚海湾豪庭三期 2室2厅 南,22500,117.03㎡,徐汇-徐汇滨江-尚海湾豪庭三期,121.460283,31.179931,12号线,0.5807
整租·东泉小区 1室1厅 南,4000,47.28㎡,徐汇-植物园-东泉小区,121.443792,31.156163,3号线,0.2057
整租·中恒苑 1室1厅 南,3900,46.50㎡,徐汇-植物园-中恒苑,121.447925,31.139603,15号线,1.4602
整租·小木桥路101弄 2室1厅 南,9500,64.54㎡,徐汇-斜土路-小木桥路101弄,121.457512,31.1992,9号线,0.5036
整租·华欣家园 2室2厅 南/北,6000,81.52㎡,徐汇-华泾-华欣家园,121.460936,31.11959,市域机场线,1.9205
整租·乐山六七村 2室1厅 南,7500,59.03㎡,徐汇-徐家汇-乐山六七村,121.430377,31.195671,11号线,0.5936
整租·华鼎广场 2室2厅 南,11000,114.84㎡,徐汇-田林-华鼎广场,121.432008,31.180173,1号线,0.5933
整租·宜山路701弄 1室0厅 南,4000,30.06㎡,徐汇-田林-宜山路701弄,121.419162,31.17266,15号线,0.2584
整租·天平小区 2室0厅 东南,6500,52.19㎡,徐汇-徐家汇-天平小区,121.439194,31.19834,11号线,0.3989
整租·东方曼哈顿 2室1厅 西南,15500,80.96㎡,徐汇-徐家汇-东方曼哈顿,121.433831,31.191094,11号线,0.5567
整租·梅陇六村 1室1厅 南,3850,40.33㎡,徐汇-华东理工-梅陇六村,121.419992,31.133501,1号线,1.1174
整租·虹桥路400弄 3室2厅 南,17000,137.01㎡,徐汇-徐家汇-虹桥路400弄,121.431146,31.192428,11号线,0.6225
整租·寿德坊 2室1厅 南/北,6000,61.78㎡,徐汇-康健-寿德坊,121.421856,31.154131,1号线,0.7819
整租·银亿徐汇酩悦 1室1厅 南,10800,80.00㎡,徐汇-斜土路-银亿徐汇酩悦,121.459845,31.197952,12号线,0.5417
整租·中科小区(徐汇) 1室0厅 南,4000,14.00㎡,徐汇-徐家汇-中科小区(徐汇),121.444564,31.194309,11号线,0.7703
整租·宛南五村 1室1厅 南,5200,34.95㎡,徐汇-龙华-宛南五村,121.448127,31.180509,11号线,0.6571
整租·凯托大厦 1室1厅 南,7500,75.93㎡,徐汇-田林-凯托大厦,121.42498,31.183122,4号线,0.451
整租·长桥一村 2室1厅 南,5900,60.96㎡,徐汇-长桥-长桥一村,121.437716,31.136658,15号线,0.5946
整租·长桥二村 2室1厅 东南,4800,51.96㎡,徐汇-长桥-长桥二村,121.441109,31.136775,15号线,0.7687
整租·五原路249号 1室0厅 南,4250,13.00㎡,徐汇-衡山路-五原路249号,121.446789,31.213302,7号线,0.2254
整租·吴兴路24弄 1室1厅 南,4580,20.10㎡,徐汇-衡山路-吴兴路24弄,121.441816,31.205721,10号线,0.3471
整租·尚海湾豪庭三期 4室2厅 南,55000,237.96㎡,徐汇-徐汇滨江-尚海湾豪庭三期,121.460283,31.179931,12号线,0.5807
整租·岳阳公寓 3室2厅 南,22000,116.98㎡,徐汇-建国西路-岳阳公寓,121.453058,31.204125,9号线,0.5863
整租·紫阳花苑 2室1厅 南,7500,88.73㎡,徐汇-华泾-紫阳花苑,121.452787,31.113285,市域机场线,0.8953
整租·嘉汇国际广场 2室1厅 南,13800,125.43㎡,徐汇-徐家汇-嘉汇国际广场,121.442908,31.188412,4号线,0.3168
整租·楼园小区 2室1厅 南/北,6200,64.15㎡,徐汇-上海南站-楼园小区,121.431272,31.145279,15号线,0.2453
整租·紫阳花苑 1室1厅 南,3600,43.84㎡,徐汇-华泾-紫阳花苑,121.452787,31.113285,市域机场线,0.8953
整租·盛华景苑 3室2厅 南,7500,133.88㎡,徐汇-华泾-盛华景苑,121.455236,31.108796,市域机场线,1.0483
整租·乐山四五村 1室1厅 南,5700,36.87㎡,徐汇-徐家汇-乐山四五村,121.433131,31.196395,11号线,0.345
整租·华建二街坊 1室1厅 南,4100,42.84㎡,徐汇-华泾-华建二街坊,121.442057,31.123276,15号线,0.4232
整租·体育花苑 1室1厅 南,4500,45.81㎡,徐汇-上海南站-体育花苑,121.430643,31.143065,15号线,0.2057
整租·海上名邸 3室2厅 南/北,18000,140.48㎡,徐汇-康健-海上名邸,121.423879,31.155435,1号线,0.5951
整租·华悦家园 1室1厅 南,8400,58.00㎡,徐汇-漕河泾-华悦家园,121.409543,31.165659,12号线,0.2044
整租·沪贵苑 2室2厅 南,9800,109.72㎡,徐汇-徐家汇-沪贵苑,121.433438,31.187205,4号线,0.5975
整租·宛南三村 2室1厅 南/北,5800,46.31㎡,徐汇-龙华-宛南三村,121.451043,31.182819,12号线,0.5993
整租·舒乐公寓 2室1厅 南,6000,86.21㎡,徐汇-华东理工-舒乐公寓,121.434999,31.131477,15号线,0.0774
整租·上海师大新村 1室1厅 南,4550,46.26㎡,徐汇-康健-上海师大新村,121.41712,31.158809,12号线,0.8528
整租·健安坊 3室1厅 南,7000,48.50㎡,徐汇-康健-健安坊,121.424022,31.157133,1号线,0.6399
整租·东方曼哈顿 4室1厅 西南,24900,129.82㎡,徐汇-徐家汇-东方曼哈顿,121.433831,31.191094,11号线,0.5567
整租·上海师大新村 2室1厅 南,5200,50.86㎡,徐汇-康健-上海师大新村,121.41712,31.158809,12号线,0.8528
整租·东安五村 1室2厅 南,6500,51.90㎡,徐汇-龙华-东安五村,121.452592,31.184251,12号线,0.4265
整租·建国西路402弄 1室1厅 南,5100,13.00㎡,徐汇-建国西路-建国西路402弄,121.453335,31.203677,9号线,0.5564
整租·漕溪四村 1室1厅 南,4300,35.00㎡,徐汇-万体馆-漕溪四村,121.439813,31.171379,3号线,0.4849
整租·东方曼哈顿 1室0厅 东,3000,10.00㎡,徐汇-徐家汇-东方曼哈顿,121.433831,31.191094,11号线,0.5567
整租·科汇公寓 2室1厅 南,7500,53.68㎡,徐汇-徐家汇-科汇公寓,121.437951,31.193218,11号线,0.2851
整租·高安路9弄 1室1厅 南,7250,43.00㎡,徐汇-衡山路-高安路9弄,121.445478,31.206315,10号线,0.2111
整租·公安大楼(徐汇) 2室1厅 东,7800,56.00㎡,徐汇-衡山路-公安大楼(徐汇),121.445083,31.199055,9号线,0.4906
整租·龙山新村 1室1厅 南,3800,20.08㎡,徐汇-万体馆-龙山新村,121.444891,31.184374,4号线,0.1883
整租·漕溪二村 1室1厅 南,4999,37.90㎡,徐汇-万体馆-漕溪二村,121.439107,31.172001,3号线,0.5302
整租·南丹小区 1室1厅 南,5300,40.10㎡,徐汇-徐家汇-南丹小区,121.430324,31.191219,4号线,0.5814
整租·永升大厦 2室1厅 南,7000,78.00㎡,徐汇-徐家汇-永升大厦,121.427805,31.182664,4号线,0.4531
整租·华泾绿苑 2室2厅 南,6600,85.83㎡,徐汇-华泾-华泾绿苑,121.457976,31.113578,市域机场线,1.3685
整租·文定天下苑 1室1厅 南/北,9800,59.78㎡,徐汇-徐家汇-文定天下苑,121.431206,31.184395,4号线,0.4609
整租·龙山新村 1室0厅 南,4600,32.11㎡,徐汇-万体馆-龙山新村,121.444891,31.184374,4号线,0.1883
整租·梅陇十一村 1室1厅 南,4000,33.46㎡,徐汇-华东理工-梅陇十一村,121.427022,31.131789,15号线,0.8381
整租·凯旋一村 1室0厅 南,5800,33.00㎡,徐汇-徐家汇-凯旋一村,121.423993,31.19315,4号线,0.5718
整租·汇成三村 1室0厅 南,4000,33.50㎡,徐汇-上海南站-汇成三村,121.430041,31.154579,1号线,0.0
整租·华泾五村 2室1厅 南,5500,66.30㎡,徐汇-华泾-华泾五村,121.445737,31.119864,15号线,0.8911
整租·馨宁公寓 2室1厅 南,5300,62.40㎡,徐汇-华泾-馨宁公寓,121.447726,31.128049,15号线,1.0306
整租·园南新村 1室1厅 南,4200,42.00㎡,徐汇-植物园-园南新村,121.439964,31.140389,15号线,1.0568
整租·长峰小区 1室1厅 南,5500,54.90㎡,徐汇-徐汇滨江-长峰小区,121.500438,31.21294,9号线,0.4767
整租·田林十三村 2室1厅 南,5600,50.18㎡,徐汇-田林-田林十三村,121.424739,31.173275,15号线,0.6581
整租·陇南小区 1室1厅 南,3500,47.73㎡,徐汇-华东理工-陇南小区,121.422549,31.129251,15号线,1.2897
整租·振兴小区(徐汇) 2室1厅 南,7300,49.49㎡,徐汇-徐家汇-振兴小区(徐汇),121.452172,31.193677,4号线,0.4097
整租·嘉丽苑(徐汇) 2室2厅 南/北,22000,107.00㎡,徐汇-衡山路-嘉丽苑(徐汇),121.45532,31.216364,12号线,0.3527
整租·馨宁公寓 2室1厅 南,5000,62.40㎡,徐汇-华泾-馨宁公寓,121.447726,31.128049,15号线,1.0306
整租·清枫大楼 3室2厅 南,11000,93.00㎡,徐汇-斜土路-清枫大楼,121.456379,31.198884,9号线,0.5908
整租·馨汇南苑 1室1厅 南,7900,65.75㎡,徐汇-龙华-馨汇南苑,121.44458,31.165857,3号线,0.3996
整租·医学院路54弄 1室1厅 南,5200,40.00㎡,徐汇-斜土路-医学院路54弄,121.457431,31.199717,9号线,0.4643
整租·凌云新村 3室1厅 南,5100,82.91㎡,徐汇-华东理工-凌云新村,121.417106,31.140692,1号线,0.3322
整租·铁路职工小区 2室1厅 南,5900,46.75㎡,徐汇-徐家汇-铁路职工小区,121.424691,31.191181,4号线,0.5494
整租·御江廷 3室2厅 南,23000,103.05㎡,徐汇-徐汇滨江-御江廷,121.468942,31.192413,12号线,0.5697
整租·汇景苑 3室2厅 南,15000,140.53㎡,徐汇-建国西路-汇景苑,121.461386,31.204557,9号线,0.2032
整租·樱花园(徐汇) 2室1厅 南,6000,59.14㎡,徐汇-康健-樱花园(徐汇),121.421101,31.155372,1号线,0.8568
整租·橡胶小区 2室1厅 南,7500,67.61㎡,徐汇-徐家汇-橡胶小区,121.445572,31.196913,9号线,0.5232
整租·武康路280弄(公房) 1室1厅 南,6000,35.01㎡,徐汇-衡山路-武康路280弄(公房),121.438556,31.207378,10号线,0.5571
整租·科汇公寓 1室1厅 南,7200,47.36㎡,徐汇-徐家汇-科汇公寓,121.437951,31.193218,11号线,0.2851
整租·福禄邨 1室2厅 南,15000,69.00㎡,徐汇-建国西路-福禄邨,121.454905,31.204777,9号线,0.5936
整租·尚海湾豪庭一期 1室1厅 南,16300,70.00㎡,徐汇-徐汇滨江-尚海湾豪庭一期,121.460283,31.179931,12号线,0.5807
整租·协昌小区 3室1厅 南,11800,93.39㎡,徐汇-龙华-协昌小区,121.444304,31.179398,11号线,0.2762
整租·天然居 3室3厅 南/北,35000,352.35㎡,徐汇-植物园-天然居,121.445643,31.143964,3号线,1.5677
整租·徐汇苑 2室2厅 南,12500,100.66㎡,徐汇-龙华-徐汇苑,121.44403,31.177843,11号线,0.2861
整租·宛南四村 2室1厅 南,6700,54.40㎡,徐汇-龙华-宛南四村,121.450444,31.18158,12号线,0.7031
整租·汇金广场 2室2厅 西南,24000,131.40㎡,徐汇-徐家汇-汇金广场,121.440415,31.195237,11号线,0.3646
整租·金巢铂瑞阁 1室1厅 西,9000,60.70㎡,徐汇-斜土路-金巢铂瑞阁,121.464861,31.200468,9号线,0.4742
整租·新路小区 1室1厅 南,5300,42.01㎡,徐汇-徐家汇-新路小区,121.432425,31.190018,4号线,0.6184
整租·正南花苑 2室2厅 南,7100,102.15㎡,徐汇-上海南站-正南花苑,121.430247,31.149896,1号线,0.5195
整租·华泾绿苑 2室2厅 南/北,6800,86.00㎡,徐汇-华泾-华泾绿苑,121.457976,31.113578,市域机场线,1.3685
整租·漕溪一村 3室2厅 南,9100,105.17㎡,徐汇-万体馆-漕溪一村,121.436611,31.172787,3号线,0.4712
整租·银亿徐汇酩悦 2室1厅 南,14000,157.46㎡,徐汇-斜土路-银亿徐汇酩悦,121.459845,31.197952,12号线,0.5417
整租·乐山八九村 2室1厅 东南,6500,66.02㎡,徐汇-徐家汇-乐山八九村,121.428819,31.193932,11号线,0.7622
整租·宜山路701弄 2室0厅 南,5800,47.19㎡,徐汇-田林-宜山路701弄,121.419162,31.17266,15号线,0.2584
整租·徐汇苑 4室2厅 东/南/北,25000,191.00㎡,徐汇-龙华-徐汇苑,121.44403,31.177843,11号线,0.2861
整租·周家湾小区 1室1厅 南,4900,42.55㎡,徐汇-龙华-周家湾小区,121.450815,31.171156,12号线,0.2645
整租·汇成一村 1室0厅 南,3700,38.30㎡,徐汇-上海南站-汇成一村,121.43458,31.146486,15号线,0.5875
整租·汇樾庭 2室1厅 南,11500,69.17㎡,徐汇-康健-汇樾庭,121.425158,31.16106,15号线,0.8411
整租·紫薇园 2室1厅 南,5650,62.08㎡,徐汇-康健-紫薇园,121.40984,31.151896,1号线,1.1475
整租·中海瀛台 2室2厅 南,10000,86.63㎡,徐汇-华泾-中海瀛台,121.453503,31.140154,15号线,1.9383
整租·三江小区 1室1厅 南,5000,47.49㎡,徐汇-龙华-三江小区,121.440003,31.164717,3号线,0.6712
整租·中恒苑 2室1厅 南,4800,68.26㎡,徐汇-植物园-中恒苑,121.447925,31.139603,15号线,1.4602
整租·老沪闵路439弄 2室1厅 南,5000,66.24㎡,徐汇-上海南站-老沪闵路439弄,121.427265,31.147531,15号线,0.3985
整租·海天公寓 2室1厅 西,9500,78.44㎡,徐汇-徐家汇-海天公寓,121.441758,31.191354,4号线,0.6593
整租·徐汇公园道壹号二期臻庭 4室2厅 南,31000,213.21㎡,徐汇-龙华-徐汇公园道壹号二期臻庭,121.435126,31.159736,1号线,0.7496
整租·紫阳花苑 2室1厅 南/北,5700,88.73㎡,徐汇-华泾-紫阳花苑,121.452787,31.113285,市域机场线,0.8953
整租·徐汇苑 2室2厅 西南,13800,117.71㎡,徐汇-龙华-徐汇苑,121.44403,31.177843,11号线,0.2861
整租·漕溪四村 1室1厅 南,4300,35.21㎡,徐汇-万体馆-漕溪四村,121.439813,31.171379,3号线,0.4849
整租·天平小区 1室0厅 西,6000,48.35㎡,徐汇-徐家汇-天平小区,121.439194,31.19834,11号线,0.3989
整租·田林十二村 3室1厅 南,6000,52.09㎡,徐汇-田林-田林十二村,121.428878,31.171776,12号线,0.5568
整租·虹梅南路96弄 2室1厅 南/北,4850,62.16㎡,徐汇-华东理工-虹梅南路96弄,121.415879,31.140187,1号线,0.2814
整租·衡山路696弄 2室1厅 南,8800,65.41㎡,徐汇-徐家汇-衡山路696弄,121.442112,31.199054,11号线,0.6554
整租·汇金广场 3室2厅 南,25000,256.41㎡,徐汇-徐家汇-汇金广场,121.440415,31.195237,11号线,0.3646
整租·馨宁公寓 1室1厅 南,4000,42.00㎡,徐汇-华泾-馨宁公寓,121.447726,31.128049,15号线,1.0306
整租·嘉汇国际广场 1室1厅 南,7500,62.52㎡,徐汇-徐家汇-嘉汇国际广场,121.442908,31.188412,4号线,0.3168
整租·兆丰帝景苑 2室1厅 南,11500,84.51㎡,徐汇-徐家汇-兆丰帝景苑,121.443032,31.195733,11号线,0.6131
整租·泰德花苑 2室1厅 南,13000,110.88㎡,徐汇-徐家汇-泰德花苑,121.432856,31.18454,1号线,0.4755
整租·狮城花苑 2室1厅 南,5900,65.55㎡,徐汇-龙华-狮城花苑,121.446967,31.165539,3号线,0.4994
整租·宛平南路51号 1室0厅 东/西,5300,31.35㎡,徐汇-徐家汇-宛平南路51号,121.445431,31.19597,9号线,0.596
整租·康乐小区(徐汇) 2室1厅 南,4600,49.72㎡,徐汇-康健-康乐小区(徐汇),121.421809,31.157401,1号线,0.8449
整租·汇成四村 1室1厅 南,4500,39.40㎡,徐汇-上海南站-汇成四村,121.435493,31.144711,15号线,0.6221
整租·华泾绿苑 2室2厅 南/北,6800,87.00㎡,徐汇-华泾-华泾绿苑,121.457976,31.113578,市域机场线,1.3685
整租·海珀旭晖酒店式公寓 1室1厅 南,13000,67.76㎡,徐汇-徐汇滨江-海珀旭晖酒店式公寓,121.458428,31.182624,12号线,0.234
整租·长桥一村 1室1厅 南,4500,36.92㎡,徐汇-长桥-长桥一村,121.437716,31.136658,15号线,0.5946
整租·华沁家园 3室2厅 南/北,12000,152.97㎡,徐汇-植物园-华沁家园,121.450626,31.136849,15号线,1.5303
整租·宛南二村 1室1厅 南,5800,31.62㎡,徐汇-龙华-宛南二村,121.450009,31.184087,4号线,0.6401
整租·长青坊 1室0厅 南,3500,30.82㎡,徐汇-康健-长青坊,121.417606,31.154362,1号线,1.1858
整租·金牛苑 1室1厅 南,4500,43.28㎡,徐汇-上海南站-金牛苑,121.43475,31.152094,1号线,0.5267
整租·中海瀛台 5室2厅 南/北,23000,166.44㎡,徐汇-华泾-中海瀛台,121.453503,31.140154,15号线,1.9383
整租·和平小区(徐汇) 1室1厅 南,4600,46.82㎡,徐汇-华东理工-和平小区(徐汇),121.430239,31.133205,15号线,0.5616
整租·衡园 3室2厅 南,20000,120.85㎡,徐汇-斜土路-衡园,121.463849,31.20195,9号线,0.3148
整租·锦江苑 2室1厅 南,7000,77.25㎡,徐汇-徐汇滨江-锦江苑,121.457044,31.152442,11号线,0.8457
整租·盛华景苑 1室1厅 南,4200,67.46㎡,徐汇-华泾-盛华景苑,121.455236,31.108796,市域机场线,1.0483
整租·东方曼哈顿 3室2厅 南,19500,155.87㎡,徐汇-徐家汇-东方曼哈顿,121.433831,31.191094,11号线,0.5567
整租·东航公寓 1室1厅 南,6000,43.91㎡,徐汇-徐家汇-东航公寓,121.421397,31.190298,4号线,0.6803
整租·花苑茶花园 2室1厅 南,6200,59.05㎡,徐汇-康健-花苑茶花园,121.414351,31.151138,1号线,0.9892
整租·西雅图嘉萱苑 4室2厅 南/北,15500,147.21㎡,徐汇-龙华-西雅图嘉萱苑,121.438256,31.166968,12号线,0.5107
整租·钦州大厦 3室0厅 东,8600,77.91㎡,徐汇-康健-钦州大厦,121.431414,31.161489,1号线,0.7771
整租·漕溪四村 2室1厅 南,6300,53.68㎡,徐汇-万体馆-漕溪四村,121.439813,31.171379,3号线,0.4849
整租·康乐小区(徐汇) 2室1厅 南/北,5500,50.68㎡,徐汇-康健-康乐小区(徐汇),121.421809,31.157401,1号线,0.8449
整租·长桥三村 1室1厅 南,4000,44.46㎡,徐汇-长桥-长桥三村,121.442318,31.134563,15号线,0.705
整租·蒲汇新苑 2室1厅 南,12000,93.00㎡,徐汇-漕河泾-蒲汇新苑,121.4095,31.17975,15号线,0.6601
整租·青之杰花园 3室2厅 南,20000,156.41㎡,徐汇-徐家汇-青之杰花园,121.431634,31.19109,4号线,0.6435
整租·梅陇四村 2室1厅 南,6800,86.84㎡,徐汇-华东理工-梅陇四村,121.421073,31.137521,1号线,0.8439
整租·斜土路1358弄 2室1厅 南,6800,49.84㎡,徐汇-斜土路-斜土路1358弄,121.46262,31.197792,12号线,0.4188
整租·紫阳花苑 2室1厅 南,5800,64.46㎡,徐汇-华泾-紫阳花苑,121.452787,31.113285,市域机场线,0.8953
整租·龙南七村 1室1厅 南/北,5500,40.90㎡,徐汇-龙华-龙南七村,121.436307,31.188334,1号线,0.6212
整租·岳阳路77弄 1室1厅 南,6500,35.03㎡,徐汇-建国西路-岳阳路77弄,121.453916,31.207645,1号线,0.7931
整租·科汇景苑 2室2厅 南/北,10500,110.94㎡,徐汇-万体馆-科汇景苑,121.439749,31.172286,3号线,0.5106
整租·俞三小区 2室1厅 南,6500,59.07㎡,徐汇-龙华-俞三小区,121.447695,31.168427,3号线,0.3358
整租·科汇公寓 2室1厅 南,12000,80.64㎡,徐汇-徐家汇-科汇公寓,121.437951,31.193218,11号线,0.2851
整租·嘉川公寓 2室1厅 南,8500,81.02㎡,徐汇-华东理工-嘉川公寓,121.429604,31.139413,15号线,0.5402
整租·华泾绿苑 3室2厅 南,13000,126.81㎡,徐汇-华泾-华泾绿苑,121.457976,31.113578,市域机场线,1.3685
整租·康沁苑 2室1厅 南,8000,83.07㎡,徐汇-康健-康沁苑,121.436307,31.188334,1号线,0.6212
整租·漕溪二村 2室1厅 南,7300,60.34㎡,徐汇-万体馆-漕溪二村,121.439107,31.172001,3号线,0.5302
整租·滨江小区 1室1厅 南,5300,60.52㎡,徐汇-徐汇滨江-滨江小区,121.457044,31.152442,11号线,0.8457
整租·尚海湾豪庭一期 1室1厅 南,11000,64.26㎡,徐汇-徐汇滨江-尚海湾豪庭一期,121.460283,31.179931,12号线,0.5807
整租·华泾绿苑 3室1厅 南,11000,127.00㎡,徐汇-华泾-华泾绿苑,121.457976,31.113578,市域机场线,1.3685
整租·长乐路447号 2室2厅 南,14000,71.73㎡,徐汇-衡山路-长乐路447号,121.454007,31.218278,12号线,0.5691
整租·南天大楼 2室1厅 南,8500,92.60㎡,徐汇-徐家汇-南天大楼,121.442592,31.190613,4号线,0.5623
整租·申峰大厦 1室1厅 南,7300,40.60㎡,徐汇-徐家汇-申峰大厦,121.441847,31.187118,4号线,0.232
整租·汇成五村 1室0厅 南,5000,38.80㎡,徐汇-上海南站-汇成五村,121.430041,31.154579,1号线,0.0
整租·龙山新村 2室1厅 南,7000,46.33㎡,徐汇-万体馆-龙山新村,121.444891,31.184374,4号线,0.1883
整租·襄阳南路357弄 2室0厅 南,8900,40.00㎡,徐汇-建国西路-襄阳南路357弄,121.458065,31.207809,9号线,0.6076
整租·鼎新大楼(公寓) 3室2厅 南,22000,157.75㎡,徐汇-建国西路-鼎新大楼(公寓),121.460545,31.203197,9号线,0.0445
整租·伊泰利大厦 2室2厅 东南,16000,107.71㎡,徐汇-建国西路-伊泰利大厦,121.455111,31.201991,9号线,0.5408
整租·钦州花苑 2室1厅 南,6000,79.84㎡,徐汇-田林-钦州花苑,121.426322,31.177966,15号线,0.8622
整租·华东花苑 2室1厅 南,6300,75.14㎡,徐汇-上海南站-华东花苑,121.43489,31.148816,15号线,0.7562
整租·宜仕怡家 3室2厅 南,15000,129.72㎡,徐汇-万体馆-宜仕怡家,121.441222,31.176354,3号线,0.2715
整租·光大会展中心 5室2厅 南,26588,234.06㎡,徐汇-康健-光大会展中心,121.428035,31.166528,12号线,0.5269
整租·嘉汇广场 3室2厅 北,11600,116.97㎡,徐汇-徐家汇-嘉汇广场,121.443208,31.188127,4号线,0.2813
整租·永新城 1室2厅 南,13500,66.11㎡,徐汇-徐家汇-永新城,121.437951,31.193218,11号线,0.2851
整租·长桥一村 2室1厅 南,5900,60.96㎡,徐汇-长桥-长桥一村,121.437716,31.136658,15号线,0.5946
整租·茶陵路159弄 2室1厅 南,6500,53.23㎡,徐汇-斜土路-茶陵路159弄,121.467627,31.197274,12号线,0.5468
整租·襄阳南路217弄 1室0厅 北,2600,11.40㎡,徐汇-建国西路-襄阳南路217弄,121.457304,31.211912,12号线,0.384
整租·尚汇豪庭二期 3室2厅 南,23000,131.45㎡,徐汇-田林-尚汇豪庭二期,121.42752,31.180832,4号线,0.6531
整租·岳阳路77弄 2室1厅 南,8200,51.62㎡,徐汇-建国西路-岳阳路77弄,121.453916,31.207645,1号线,0.7931
整租·乌鲁木齐中路243号 1室0厅 西,6500,37.79㎡,徐汇-衡山路-乌鲁木齐中路243号,121.446243,31.212227,7号线,0.3113
整租·长春新苑 3室1厅 南,11500,89.29㎡,徐汇-田林-长春新苑,121.416998,31.178511,15号线,0.4247
整租·紫阳花苑 2室1厅 南/北,4800,55.29㎡,徐汇-华泾-紫阳花苑,121.452787,31.113285,市域机场线,0.8953
整租·虹二小区 1室0厅 南,3500,32.86㎡,徐汇-徐家汇-虹二小区,121.425538,31.194907,4号线,0.5356
整租·徐汇御苑 2室2厅 南,14750,121.42㎡,徐汇-徐家汇-徐汇御苑,121.454748,31.192556,4号线,0.1931
整租·汇樾庭 4室2厅 南/北,28000,145.00㎡,徐汇-康健-汇樾庭,121.425158,31.16106,15号线,0.8411
整租·梅陇十一村 3室0厅 南,5600,73.35㎡,徐汇-华东理工-梅陇十一村,121.427022,31.131789,15号线,0.8381
整租·凯歌公寓 1室0厅 西,6200,41.99㎡,徐汇-徐家汇-凯歌公寓,121.437951,31.193218,11号线,0.2851
整租·日晖六村 3室2厅 南/西/北,13600,102.10㎡,徐汇-斜土路-日晖六村,121.461128,31.195058,12号线,0.233
整租·南丹小区 2室1厅 南,6500,47.59㎡,徐汇-徐家汇-南丹小区,121.430324,31.191219,4号线,0.5814
整租·华尔登广场 1室0厅 东南,53000,352.70㎡,徐汇-衡山路-华尔登广场,121.447843,31.215518,7号线,0.2533
整租·钦州大厦 1室1厅 南,5200,61.97㎡,徐汇-康健-钦州大厦,121.431414,31.161489,1号线,0.7771
整租·长青坊 1室1厅 南,4100,30.82㎡,徐汇-康健-长青坊,121.417606,31.154362,1号线,1.1858
整租·爱建大厦 1室2厅 南,10000,74.90㎡,徐汇-徐家汇-爱建大厦,121.448196,31.188643,4号线,0.5579
整租·零陵小区 1室1厅 南,5200,38.05㎡,徐汇-徐家汇-零陵小区,121.444466,31.186954,4号线,0.1742
整租·龙山新村 1室0厅 南,4800,32.32㎡,徐汇-万体馆-龙山新村,121.444891,31.184374,4号线,0.1883
整租·龙汇苑 2室1厅 南,5450,57.00㎡,徐汇-龙华-龙汇苑,121.44252,31.16811,3号线,0.2321
整租·襄阳南路452弄 1室1厅 南,5200,31.45㎡,徐汇-建国西路-襄阳南路452弄,121.456344,31.206183,9号线,0.5582
整租·爱中爱华公寓 1室1厅 南,8000,81.68㎡,徐汇-万体馆-爱中爱华公寓,121.449474,31.186025,4号线,0.5685
整租·南丹小区 1室1厅 南,5400,42.47㎡,徐汇-徐家汇-南丹小区,121.430324,31.191219,4号线,0.5814
整租·汇贤居 4室2厅 南,35000,162.00㎡,徐汇-衡山路-汇贤居,121.445755,31.215034,7号线,0.3635
整租·岳阳路77弄 2室1厅 南,8200,51.62㎡,徐汇-建国西路-岳阳路77弄,121.453916,31.207645,1号线,0.7931
整租·爱建园 3室2厅 南,14500,119.02㎡,徐汇-田林-爱建园,121.432396,31.176268,3号线,0.5757
整租·尚海湾豪庭三期 2室2厅 南,22000,117.03㎡,徐汇-徐汇滨江-尚海湾豪庭三期,121.460283,31.179931,12号线,0.5807
整租·东航小区 2室1厅 南/北,8500,78.91㎡,徐汇-龙华-东航小区,121.452314,31.18138,12号线,0.5617
整租·乌鲁木齐中路243号 1室0厅 西,6500,37.79㎡,徐汇-衡山路-乌鲁木齐中路243号,121.446243,31.212227,7号线,0.3113
整租·长春新苑 3室1厅 南,11500,89.29㎡,徐汇-田林-长春新苑,121.416998,31.178511,15号线,0.4247
整租·凯旋路2280弄  2室0厅 南,6000,51.67㎡,徐汇-徐家汇-凯旋路2280弄,121.42685,31.188041,4号线,0.1504
整租·创世纪花园 1室1厅 南,7000,48.43㎡,徐汇-徐家汇-创世纪花园,121.439891,31.185288,4号线,0.3485
整租·斜土路2200弄 1室1厅 北,4200,33.17㎡,徐汇-徐家汇-斜土路2200弄,121.449739,31.192165,4号线,0.5137
整租·梅陇十一村 3室0厅 南,5600,73.35㎡,徐汇-华东理工-梅陇十一村,121.427022,31.131789,15号线,0.8381
整租·凯歌公寓 1室0厅 西,6200,41.99㎡,徐汇-徐家汇-凯歌公寓,121.437951,31.193218,11号线,0.2851
整租·日晖六村 3室2厅 南/西/北,13600,102.10㎡,徐汇-斜土路-日晖六村,121.461128,31.195058,12号线,0.233
整租·南丹小区 2室1厅 南,6500,47.59㎡,徐汇-徐家汇-南丹小区,121.430324,31.191219,4号线,0.5814
整租·华尔登广场 1室0厅 东南,53000,352.70㎡,徐汇-衡山路-华尔登广场,121.447843,31.215518,7号线,0.2533
整租·钦州大厦 1室1厅 南,5200,61.97㎡,徐汇-康健-钦州大厦,121.431414,31.161489,1号线,0.7771
整租·长青坊 1室1厅 南,4100,30.82㎡,徐汇-康健-长青坊,121.417606,31.154362,1号线,1.1858
整租·爱建大厦 1室2厅 南,10000,74.90㎡,徐汇-徐家汇-爱建大厦,121.448196,31.188643,4号线,0.5579
整租·零陵小区 1室1厅 南,5200,38.05㎡,徐汇-徐家汇-零陵小区,121.444466,31.186954,4号线,0.1742
整租·龙山新村 1室0厅 南,4800,32.32㎡,徐汇-万体馆-龙山新村,121.444891,31.184374,4号线,0.1883
整租·龙汇苑 2室1厅 南,5450,57.00㎡,徐汇-龙华-龙汇苑,121.44252,31.16811,3号线,0.2321
整租·襄阳南路452弄 1室1厅 南,5200,31.45㎡,徐汇-建国西路-襄阳南路452弄,121.456344,31.206183,9号线,0.5582
整租·爱中爱华公寓 1室1厅 南,8000,81.68㎡,徐汇-万体馆-爱中爱华公寓,121.449474,31.186025,4号线,0.5685
整租·久安小区 1室0厅 北,5600,26.34㎡,徐汇-衡山路-久安小区,121.446379,31.20047,9号线,0.3828
整租·中科小区(徐汇) 3室1厅 南,9300,77.54㎡,徐汇-徐家汇-中科小区(徐汇),121.444564,31.194309,11号线,0.7703
整租·汇贤居 4室2厅 南,35000,162.00㎡,徐汇-衡山路-汇贤居,121.445755,31.215034,7号线,0.3635
整租·大木小区 1室1厅 南,5300,40.56㎡,徐汇-斜土路-大木小区,121.462878,31.199594,9号线,0.4133
整租·梅陇八村 1室1厅 南,4000,40.60㎡,徐汇-华东理工-梅陇八村,121.425034,31.136978,15号线,0.8908
整租·南丹小区 2室1厅 东南,6500,54.13㎡,徐汇-徐家汇-南丹小区,121.430324,31.191219,4号线,0.5814
整租·双峰小区 2室1厅 南,8000,61.51㎡,徐汇-龙华-双峰小区,121.449339,31.18121,4号线,0.7376
整租·汇成二村 1室1厅 南,4200,41.02㎡,徐汇-上海南站-汇成二村,121.43492,31.145582,15号线,0.5842
整租·馨宁公寓 3室1厅 南/北,6500,74.00㎡,徐汇-华泾-馨宁公寓,121.447726,31.128049,15号线,1.0306
整租·长顺坊 2室1厅 南,5800,53.21㎡,徐汇-康健-长顺坊,121.419056,31.155597,1号线,1.0533
整租·公安大楼(徐汇) 1室1厅 南,6500,47.10㎡,徐汇-衡山路-公安大楼(徐汇),121.445083,31.199055,9号线,0.4906
整租·华苑大厦 4室2厅 南,16500,166.06㎡,徐汇-徐家汇-华苑大厦,121.433738,31.181592,1号线,0.3764
整租·常熟路228弄 1室1厅 南,5000,31.87㎡,徐汇-衡山路-常熟路228弄,121.448638,31.214437,7号线,0.112
整租·佳信徐汇公寓 3室2厅 南,12500,126.30㎡,徐汇-万体馆-佳信徐汇公寓,121.438077,31.173033,3号线,0.4128
整租·凌云壹街坊 3室1厅 北,11000,95.00㎡,徐汇-华东理工-凌云壹街坊,121.425762,31.135273,15号线,1.0424
整租·南山大楼 2室1厅 南,10800,77.24㎡,徐汇-徐家汇-南山大楼,121.430833,31.189499,4号线,0.4641
整租·华富小区 3室1厅 南,11200,92.93㎡,徐汇-万体馆-华富小区,121.441241,31.175786,3号线,0.2901
整租·日晖二村 2室0厅 南,6800,48.87㎡,徐汇-斜土路-日晖二村,121.465461,31.193658,12号线,0.2127
整租·田林十四村 1室1厅 南,6000,48.56㎡,徐汇-田林-田林十四村,121.423526,31.175538,15号线,0.5272
整租·楼园小区 3室1厅 南/北,6900,86.94㎡,徐汇-上海南站-楼园小区,121.431272,31.145279,15号线,0.2453
整租·南丹小区 2室1厅 南/北,6200,47.17㎡,徐汇-徐家汇-南丹小区,121.430324,31.191219,4号线,0.5814
整租·宜德苑 2室2厅 南/北,12000,107.16㎡,徐汇-徐家汇-宜德苑,121.426571,31.185311,4号线,0.1668
整租·住友公寓 3室1厅 南,8000,82.16㎡,徐汇-万体馆-住友公寓,121.443495,31.175223,11号线,0.4753
整租·钦州花苑 2室1厅 南,6200,81.17㎡,徐汇-田林-钦州花苑,121.426322,31.177966,15号线,0.8622
整租·机场新村(龙华) 2室1厅 南,5800,51.07㎡,徐汇-龙华-机场新村(龙华),121.451607,31.167666,12号线,0.5697
整租·科汇公寓 2室2厅 南,9800,69.50㎡,徐汇-徐家汇-科汇公寓,121.437951,31.193218,11号线,0.2851
整租·凯旋花苑 3室2厅 西南,17500,135.97㎡,徐汇-徐家汇-凯旋花苑,121.437951,31.193218,11号线,0.2851
整租·华龙公寓(徐汇) 3室1厅 东,13800,87.59㎡,徐汇-衡山路-华龙公寓(徐汇),121.446335,31.203422,1号线,0.1229
整租·天平小区 1室1厅 南,6500,49.74㎡,徐汇-徐家汇-天平小区,121.439194,31.19834,11号线,0.3989
整租·光华绿苑 2室1厅 南/北,5600,79.79㎡,徐汇-华泾-光华绿苑,121.452875,31.11116,市域机场线,0.8304
整租·永新城 3室2厅 南,23500,126.80㎡,徐汇-徐家汇-永新城,121.437951,31.193218,11号线,0.2851
整租·俞一小区 1室1厅 南,3600,34.90㎡,徐汇-龙华-俞一小区,121.451948,31.169282,12号线,0.3879
整租·梅陇十一村 3室0厅 南,5300,71.80㎡,徐汇-华东理工-梅陇十一村,121.427022,31.131789,15号线,0.8381
整租·新湖云庭 2室2厅 南,12000,95.83㎡,徐汇-斜土路-新湖云庭,121.460879,31.191366,12号线,0.3758
整租·图情小区 3室1厅 复式 南/北,7100,106.10㎡,徐汇-徐汇滨江-图情小区,121.451662,31.146339,3号线,1.5188
整租·盛华景苑 3室1厅 南,5900,89.73㎡,徐汇-华泾-盛华景苑,121.455236,31.108796,市域机场线,1.0483
整租·远雄徐汇园 1室1厅 南,11000,69.55㎡,徐汇-斜土路-远雄徐汇园,121.464075,31.19805,12号线,0.4491
整租·康平路100弄 3室2厅 南,27000,140.45㎡,徐汇-衡山路-康平路100弄,121.442255,31.203777,1号线,0.4059
整租·徐汇苑 2室2厅 南,12500,100.66㎡,徐汇-龙华-徐汇苑,121.44403,31.177843,11号线,0.2861
整租·汇金广场 2室2厅 西南,24000,131.40㎡,徐汇-徐家汇-汇金广场,121.440415,31.195237,11号线,0.3646
整租·宛南一村 2室1厅 南/北,6800,49.81㎡,徐汇-龙华-宛南一村,121.450363,31.184668,12号线,0.6395
整租·乐山六七村 1室0厅 南,5200,34.31㎡,徐汇-徐家汇-乐山六七村,121.430377,31.195671,11号线,0.5936
整租·金巢铂瑞阁 1室1厅 西,9000,60.70㎡,徐汇-斜土路-金巢铂瑞阁,121.464861,31.200468,9号线,0.4742
整租·亚都国际名园 3室2厅 南,20500,155.85㎡,徐汇-徐家汇-亚都国际名园,121.437833,31.187918,1号线,0.5673
整租·正南花苑 2室2厅 南,7100,102.15㎡,徐汇-上海南站-正南花苑,121.430247,31.149896,1号线,0.5195
整租·华滨家园 1室1厅 南,4800,55.62㎡,徐汇-植物园-华滨家园,121.449884,31.139911,15号线,1.6312
整租·宛南六村 2室0厅 南,6490,45.34㎡,徐汇-龙华-宛南六村,121.445104,31.179525,11号线,0.3536
整租·乐山八九村 2室1厅 东南,6500,66.02㎡,徐汇-徐家汇-乐山八九村,121.428819,31.193932,11号线,0.7622
整租·橡胶小区 2室1厅 东南,9800,72.41㎡,徐汇-徐家汇-橡胶小区,121.445572,31.196913,9号线,0.5232
整租·宛南四村 2室1厅 南,6000,48.05㎡,徐汇-龙华-宛南四村,121.450444,31.18158,12号线,0.7031
整租·汇樾庭 2室1厅 南,11500,69.17㎡,徐汇-康健-汇樾庭,121.425158,31.16106,15号线,0.8411
整租·宜山路12弄 1室1厅 南,5300,39.18㎡,徐汇-徐家汇-宜山路12弄,121.431325,31.192133,11号线,0.6273
整租·华泾绿苑 2室2厅 南,6390,88.00㎡,徐汇-华泾-华泾绿苑,121.457976,31.113578,市域机场线,1.3685
整租·光大会展中心 2室1厅 东,7000,79.00㎡,徐汇-康健-光大会展中心,121.428035,31.166528,12号线,0.5269
整租·龙山新村 2室1厅 南,7000,62.44㎡,徐汇-万体馆-龙山新村,121.444891,31.184374,4号线,0.1883
整租·汇成一村 1室0厅 南,3700,38.30㎡,徐汇-上海南站-汇成一村,121.43458,31.146486,15号线,0.5875
整租·紫薇园 2室1厅 南,5650,62.08㎡,徐汇-康健-紫薇园,121.40984,31.151896,1号线,1.1475
整租·金衡公寓 2室2厅 南/北,10500,109.98㎡,徐汇-万体馆-金衡公寓,121.436102,31.173919,3号线,0.3829
整租·中海瀛台 2室2厅 南,10000,86.63㎡,徐汇-华泾-中海瀛台,121.453503,31.140154,15号线,1.9383
整租·东方曼哈顿 1室2厅 西南,11000,71.68㎡,徐汇-徐家汇-东方曼哈顿,121.433831,31.191094,11号线,0.5567
整租·银星名庭 1室1厅 南,5200,40.86㎡,徐汇-万体馆-银星名庭,121.437294,31.169061,12号线,0.4036
整租·三江小区 1室1厅 南,5000,47.49㎡,徐汇-龙华-三江小区,121.440003,31.164717,3号线,0.6712
整租·爱棠新邨 1室1厅 南/北,6300,28.00㎡,徐汇-徐家汇-爱棠新邨,121.438684,31.200746,11号线,0.3652
整租·中恒苑 2室1厅 南,4800,68.26㎡,徐汇-植物园-中恒苑,121.447925,31.139603,15号线,1.4602
整租·时运大楼 1室1厅 南/北,7500,48.76㎡,徐汇-斜土路-时运大楼,121.464152,31.200394,9号线,0.4246
整租·东泉小区 1室1厅 南,4000,47.28㎡,徐汇-植物园-东泉小区,121.443792,31.156163,3号线,0.2057
整租·中恒苑 1室1厅 南,3900,46.50㎡,徐汇-植物园-中恒苑,121.447925,31.139603,15号线,1.4602
整租·海天公寓 2室1厅 西,9500,78.44㎡,徐汇-徐家汇-海天公寓,121.441758,31.191354,4号线,0.6593
整租·园南新村 1室1厅 南,4200,43.50㎡,徐汇-植物园-园南新村,121.439964,31.140389,15号线,1.0568
整租·尚海湾豪庭一期 1室2厅 南,12600,65.24㎡,徐汇-徐汇滨江-尚海湾豪庭一期,121.460283,31.179931,12号线,0.5807
整租·冠生园路247号—253号 1室1厅 南,3500,37.61㎡,徐汇-康健-冠生园路247号—253号,121.426053,31.163079,15号线,0.7486
整租·龙南七村 1室1厅 南,4800,40.87㎡,徐汇-龙华-龙南七村,121.436307,31.188334,1号线,0.6212
整租·田林新苑 2室1厅 南,9600,70.45㎡,徐汇-田林-田林新苑,121.426996,31.173799,12号线,0.842
整租·紫阳花苑 2室1厅 南,4600,55.29㎡,徐汇-华泾-紫阳花苑,121.452787,31.113285,市域机场线,0.8953
整租·徐汇臻园 3室2厅 南/北,12000,109.22㎡,徐汇-华泾-徐汇臻园,121.448925,31.125721,15号线,1.0712
整租·番南小区 1室1厅 南/北,5300,40.37㎡,徐汇-徐家汇-番南小区,121.426801,31.192123,4号线,0.6005
整租·中凯城市之光(徐汇) 2室2厅 南,35000,235.29㎡,徐汇-徐家汇-中凯城市之光(徐汇),121.437951,31.193218,11号线,0.2851
整租·虹六小区 1室1厅 南,5000,35.44㎡,徐汇-漕河泾-虹六小区,121.394895,31.1774,9号线,0.7975
整租·花苑村丁香园 2室1厅 南,4900,52.29㎡,徐汇-康健-花苑村丁香园,121.415381,31.145819,1号线,0.4174
整租·吴兴大楼 2室1厅 南/北,6500,95.52㎡,徐汇-衡山路-吴兴大楼,121.443981,31.201255,1号线,0.4311
整租·乌中小区 1室1厅 南,7300,44.03㎡,徐汇-衡山路-乌中小区,121.446605,31.21193,7号线,0.2993
整租·谨斜小区 1室1厅 南,5300,28.66㎡,徐汇-徐家汇-谨斜小区,121.448534,31.193321,4号线,0.6668
整租·小木桥路323弄 1室1厅 南,5300,53.29㎡,徐汇-斜土路-小木桥路323弄,121.459041,31.196477,12号线,0.4848
整租·长丰坊 2室1厅 南/北,5200,53.67㎡,徐汇-康健-长丰坊,121.415655,31.1538,12号线,1.2343
整租·百龙小区 2室1厅 南,5000,57.00㎡,徐汇-植物园-百龙小区,121.450056,31.145126,3号线,1.5644
整租·中漕小区 2室1厅 南,7500,62.04㎡,徐汇-徐家汇-中漕小区,121.435454,31.183805,1号线,0.2175
整租·北海大厦 2室1厅 南,10000,80.79㎡,徐汇-万体馆-北海大厦,121.44407,31.183541,4号线,0.2345
整租·梅陇十一村 2室1厅 南,4600,46.91㎡,徐汇-华东理工-梅陇十一村,121.427022,31.131789,15号线,0.8381
整租·沪江别墅 2室1厅 南,16800,92.01㎡,徐汇-衡山路-沪江别墅,121.443981,31.201255,1号线,0.4311
整租·番禺小区 1室1厅 南,4800,37.39㎡,徐汇-徐家汇-番禺小区,121.42825,31.198473,4号线,0.7164
整租·光华绿苑 2室1厅 南,6500,75.32㎡,徐汇-华泾-光华绿苑,121.452875,31.11116,市域机场线,0.8304
整租·狮城花苑 2室1厅 南,7000,65.55㎡,徐汇-龙华-狮城花苑,121.446967,31.165539,3号线,0.4994
整租·新湖云庭 2室2厅 西南,12000,89.06㎡,徐汇-斜土路-新湖云庭,121.460879,31.191366,12号线,0.3758
整租·海珀旭晖酒店式公寓 2室1厅 南/北,18000,93.14㎡,徐汇-徐汇滨江-海珀旭晖酒店式公寓,121.458428,31.182624,12号线,0.234
整租·虹桥路400弄 2室2厅 东南/南,11000,108.38㎡,徐汇-徐家汇-虹桥路400弄,121.431146,31.192428,11号线,0.6225
整租·乌南公馆 4室2厅 南,72000,226.53㎡,徐汇-衡山路-乌南公馆,121.449705,31.200852,9号线,0.1642
整租·兴国路271弄 1室1厅 南,7500,38.55㎡,徐汇-衡山路-兴国路271弄,121.437409,31.205242,11号线,0.3937
整租·徐家汇景园 3室2厅 南,18800,147.89㎡,徐汇-徐家汇-徐家汇景园,121.427982,31.189023,4号线,0.2664
